Date,AAPL,SPY,MSFT,ETH ,BTC
1/4/2016,26.3375,201.020004,54.799999,#N/A,#N/A
1/5/2016,25.6775,201.360001,55.049999,#N/A,#N/A
1/6/2016,25.174999,198.820007,54.049999,#N/A,#N/A
1/7/2016,24.112499,194.050003,52.169998,#N/A,#N/A
1/8/2016,24.24,191.919998,52.330002,#N/A,#N/A
1/11/2016,24.6325,192.110001,52.299999,#N/A,#N/A
1/12/2016,24.99,193.660004,52.779999,#N/A,#N/A
1/13/2016,24.3475,188.830002,51.639999,#N/A,#N/A
1/14/2016,24.879999,191.929993,53.110001,#N/A,#N/A
1/15/2016,24.282499,187.809998,50.990002,#N/A,#N/A
1/19/2016,24.165001,188.059998,50.560001,#N/A,#N/A
1/20/2016,24.1975,185.649994,50.790001,#N/A,#N/A
1/21/2016,24.075001,186.690002,50.48,#N/A,#N/A
1/22/2016,25.355,190.520004,52.290001,#N/A,#N/A
1/25/2016,24.860001,187.639999,51.790001,#N/A,#N/A
1/26/2016,24.997499,190.199997,52.169998,#N/A,#N/A
1/27/2016,23.355,188.130005,51.220001,#N/A,#N/A
1/28/2016,23.522499,189.110001,52.060001,#N/A,#N/A
1/29/2016,24.334999,193.720001,55.09,#N/A,#N/A
2/1/2016,24.1075,193.649994,54.709999,#N/A,#N/A
2/2/2016,23.620001,190.160004,53,#N/A,#N/A
2/3/2016,24.0875,191.300003,52.16,#N/A,#N/A
2/4/2016,24.15,191.600006,52,#N/A,#N/A
2/5/2016,23.504999,187.949997,50.16,#N/A,#N/A
2/8/2016,23.752501,185.419998,49.41,#N/A,#N/A
2/9/2016,23.747499,185.429993,49.279999,#N/A,#N/A
2/10/2016,23.567499,185.270004,49.709999,#N/A,#N/A
2/11/2016,23.424999,182.860001,49.689999,#N/A,#N/A
2/12/2016,23.497499,186.630005,50.5,#N/A,#N/A
2/16/2016,24.16,189.779999,51.09,#N/A,#N/A
2/17/2016,24.530001,192.880005,52.419998,#N/A,#N/A
2/18/2016,24.065001,192.089996,52.189999,#N/A,#N/A
2/19/2016,24.01,192,51.82,#N/A,#N/A
2/22/2016,24.219999,194.779999,52.650002,#N/A,#N/A
2/23/2016,23.672501,192.320007,51.18,#N/A,#N/A
2/24/2016,24.025,193.199997,51.360001,#N/A,#N/A
2/25/2016,24.190001,195.539993,52.099998,#N/A,#N/A
2/26/2016,24.227501,195.089996,51.299999,#N/A,#N/A
2/29/2016,24.172501,193.559998,50.880001,#N/A,#N/A
3/1/2016,25.1325,198.110001,52.580002,#N/A,#N/A
3/2/2016,25.1875,199,52.950001,#N/A,#N/A
3/3/2016,25.375,199.779999,52.349998,#N/A,#N/A
3/4/2016,25.752501,200.429993,52.029999,#N/A,#N/A
3/7/2016,25.467501,200.589996,51.029999,#N/A,#N/A
3/8/2016,25.2575,198.399994,51.650002,#N/A,#N/A
3/9/2016,25.280001,199.380005,52.84,#N/A,#N/A
3/10/2016,25.2925,199.539993,52.049999,#N/A,#N/A
3/11/2016,25.565001,202.759995,53.07,#N/A,#N/A
3/14/2016,25.629999,202.5,53.169998,#N/A,#N/A
3/15/2016,26.145,202.169998,53.59,#N/A,#N/A
3/16/2016,26.4925,203.339996,54.349998,#N/A,#N/A
3/17/2016,26.450001,204.630005,54.66,#N/A,#N/A
3/18/2016,26.48,204.380005,53.490002,#N/A,#N/A
3/21/2016,26.477501,204.669998,53.860001,#N/A,#N/A
3/22/2016,26.68,204.559998,54.07,#N/A,#N/A
3/23/2016,26.532499,203.210007,53.970001,#N/A,#N/A
3/24/2016,26.4175,203.119995,54.209999,#N/A,#N/A
3/28/2016,26.297501,203.240005,53.540001,#N/A,#N/A
3/29/2016,26.92,205.119995,54.709999,#N/A,#N/A
3/30/2016,27.389999,206.020004,55.049999,#N/A,#N/A
3/31/2016,27.247499,205.520004,55.23,#N/A,#N/A
4/1/2016,27.497499,206.919998,55.57,#N/A,#N/A
4/4/2016,27.780001,206.25,55.43,#N/A,#N/A
4/5/2016,27.452499,204.190002,54.560001,#N/A,#N/A
4/6/2016,27.74,206.419998,55.119999,#N/A,#N/A
4/7/2016,27.135,203.949997,54.459999,#N/A,#N/A
4/8/2016,27.165001,204.5,54.419998,#N/A,#N/A
4/11/2016,27.254999,204.020004,54.310001,#N/A,#N/A
4/12/2016,27.610001,205.919998,54.650002,#N/A,#N/A
4/13/2016,28.01,208,55.349998,#N/A,#N/A
4/14/2016,28.025,208.009995,55.360001,#N/A,#N/A
4/15/2016,27.4625,207.779999,55.650002,#N/A,#N/A
4/18/2016,26.870001,209.240005,56.459999,#N/A,#N/A
4/19/2016,26.727501,209.899994,56.389999,#N/A,#N/A
4/20/2016,26.782499,210.100006,55.59,#N/A,#N/A
4/21/2016,26.4925,208.970001,55.779999,#N/A,#N/A
4/22/2016,26.42,208.970001,51.779999,#N/A,#N/A
4/25/2016,26.27,208.610001,52.110001,#N/A,#N/A
4/26/2016,26.0875,208.919998,51.439999,#N/A,#N/A
4/27/2016,24.455,209.350006,50.939999,#N/A,#N/A
4/28/2016,23.7075,207.449997,49.900002,#N/A,#N/A
4/29/2016,23.434999,206.330002,49.869999,#N/A,#N/A
5/2/2016,23.41,207.970001,50.610001,#N/A,#N/A
5/3/2016,23.795,206.160004,49.779999,#N/A,#N/A
5/4/2016,23.547501,205.009995,49.869999,#N/A,#N/A
5/5/2016,23.309999,204.970001,49.939999,#N/A,#N/A
5/6/2016,23.18,205.720001,50.389999,#N/A,#N/A
5/9/2016,23.1975,205.889999,50.07,#N/A,#N/A
5/10/2016,23.355,208.449997,51.02,#N/A,#N/A
5/11/2016,23.127501,206.5,51.049999,#N/A,#N/A
5/12/2016,22.584999,206.559998,51.509998,#N/A,#N/A
5/13/2016,22.629999,204.759995,51.080002,#N/A,#N/A
5/16/2016,23.469999,206.779999,51.830002,#N/A,#N/A
5/17/2016,23.372499,204.850006,50.509998,#N/A,#N/A
5/18/2016,23.639999,204.910004,50.810001,#N/A,#N/A
5/19/2016,23.549999,204.199997,50.32,#N/A,#N/A
5/20/2016,23.805,205.490005,50.619999,#N/A,#N/A
5/23/2016,24.1075,205.210007,50.029999,#N/A,#N/A
5/24/2016,24.475,207.869995,51.59,#N/A,#N/A
5/25/2016,24.905001,209.279999,52.119999,#N/A,#N/A
5/26/2016,25.102501,209.339996,51.889999,#N/A,#N/A
5/27/2016,25.0875,210.240005,52.32,#N/A,#N/A
5/31/2016,24.965,209.839996,53,#N/A,#N/A
6/1/2016,24.615,210.270004,52.849998,#N/A,#N/A
6/2/2016,24.43,210.910004,52.48,#N/A,#N/A
6/3/2016,24.48,210.279999,51.790001,#N/A,#N/A
6/6/2016,24.657499,211.350006,52.130001,#N/A,#N/A
6/7/2016,24.7575,211.679993,52.099998,#N/A,#N/A
6/8/2016,24.735001,212.369995,52.040001,#N/A,#N/A
6/9/2016,24.9125,212.080002,51.619999,#N/A,#N/A
6/10/2016,24.7075,210.070007,51.48,#N/A,#N/A
6/13/2016,24.334999,208.449997,50.139999,#N/A,#N/A
6/14/2016,24.365,208.039993,49.830002,#N/A,#N/A
6/15/2016,24.285,207.75,49.689999,#N/A,#N/A
6/16/2016,24.387501,208.369995,50.389999,#N/A,#N/A
6/17/2016,23.8325,206.520004,50.130001,#N/A,#N/A
6/20/2016,23.775,207.850006,50.07,#N/A,#N/A
6/21/2016,23.977501,208.440002,51.189999,#N/A,#N/A
6/22/2016,23.887501,208.100006,50.990002,#N/A,#N/A
6/23/2016,24.025,210.809998,51.91,#N/A,#N/A
6/24/2016,23.35,203.240005,49.830002,#N/A,#N/A
6/27/2016,23.01,199.600006,48.43,#N/A,#N/A
6/28/2016,23.397499,203.199997,49.439999,#N/A,#N/A
6/29/2016,23.6,206.660004,50.540001,#N/A,#N/A
6/30/2016,23.9,209.479996,51.169998,#N/A,#N/A
7/1/2016,23.9725,209.919998,51.16,#N/A,#N/A
7/5/2016,23.747499,208.410004,51.169998,#N/A,#N/A
7/6/2016,23.8825,209.660004,51.380001,#N/A,#N/A
7/7/2016,23.985001,209.529999,51.380001,#N/A,#N/A
7/8/2016,24.17,212.649994,52.299999,#N/A,#N/A
7/11/2016,24.245001,213.399994,52.59,#N/A,#N/A
7/12/2016,24.355,214.949997,53.209999,#N/A,#N/A
7/13/2016,24.217501,214.919998,53.509998,#N/A,#N/A
7/14/2016,24.6975,216.119995,53.740002,#N/A,#N/A
7/15/2016,24.695,215.830002,53.700001,#N/A,#N/A
7/18/2016,24.9575,216.410004,53.959999,#N/A,#N/A
7/19/2016,24.967501,216.190002,53.09,#N/A,#N/A
7/20/2016,24.99,217.089996,55.91,#N/A,#N/A
7/21/2016,24.8575,216.270004,55.799999,#N/A,#N/A
7/22/2016,24.665001,217.240005,56.57,#N/A,#N/A
7/25/2016,24.334999,216.649994,56.73,#N/A,#N/A
7/26/2016,24.1675,216.75,56.759998,#N/A,#N/A
7/27/2016,25.737499,216.520004,56.189999,#N/A,#N/A
7/28/2016,26.084999,216.770004,56.209999,#N/A,#N/A
7/29/2016,26.0525,217.119995,56.68,#N/A,#N/A
8/1/2016,26.512501,216.940002,56.580002,#N/A,#N/A
8/2/2016,26.120001,215.550003,56.580002,#N/A,#N/A
8/3/2016,26.4475,216.179993,56.970001,#N/A,#N/A
8/4/2016,26.467501,216.410004,57.389999,#N/A,#N/A
8/5/2016,26.870001,218.179993,57.959999,#N/A,#N/A
8/8/2016,27.092501,218.050003,58.060001,#N/A,#N/A
8/9/2016,27.202499,218.179993,58.200001,#N/A,#N/A
8/10/2016,27,217.639999,58.02,#N/A,#N/A
8/11/2016,26.9825,218.649994,58.299999,#N/A,#N/A
8/12/2016,27.045,218.460007,57.939999,#N/A,#N/A
8/15/2016,27.370001,219.089996,58.119999,#N/A,#N/A
8/16/2016,27.344999,217.960007,57.439999,#N/A,#N/A
8/17/2016,27.305,218.369995,57.560001,#N/A,#N/A
8/18/2016,27.27,218.860001,57.599998,#N/A,#N/A
8/19/2016,27.34,218.539993,57.619999,#N/A,#N/A
8/22/2016,27.127501,218.529999,57.669998,#N/A,#N/A
8/23/2016,27.2125,218.970001,57.889999,#N/A,#N/A
8/24/2016,27.0075,217.850006,57.950001,#N/A,#N/A
8/25/2016,26.8925,217.699997,58.169998,#N/A,#N/A
8/26/2016,26.735001,217.289993,58.029999,#N/A,#N/A
8/29/2016,26.705,218.360001,58.099998,#N/A,#N/A
8/30/2016,26.5,218,57.889999,#N/A,#N/A
8/31/2016,26.525,217.380005,57.459999,#N/A,#N/A
9/1/2016,26.682501,217.389999,57.59,#N/A,#N/A
9/2/2016,26.932501,218.369995,57.669998,#N/A,#N/A
9/6/2016,26.924999,219.029999,57.610001,#N/A,#N/A
9/7/2016,27.09,219.009995,57.66,#N/A,#N/A
9/8/2016,26.379999,218.509995,57.43,#N/A,#N/A
9/9/2016,25.782499,213.279999,56.209999,#N/A,#N/A
9/12/2016,26.360001,216.339996,57.049999,#N/A,#N/A
9/13/2016,26.987499,213.229996,56.529999,#N/A,#N/A
9/14/2016,27.942499,213.149994,56.259998,#N/A,#N/A
9/15/2016,28.8925,215.279999,57.189999,#N/A,#N/A
9/16/2016,28.73,213.369995,57.25,#N/A,#N/A
9/19/2016,28.395,213.410004,56.93,#N/A,#N/A
9/20/2016,28.3925,213.419998,56.810001,#N/A,#N/A
9/21/2016,28.387501,215.820007,57.759998,#N/A,#N/A
9/22/2016,28.655001,217.179993,57.82,#N/A,#N/A
9/23/2016,28.1775,215.990005,57.43,#N/A,#N/A
9/26/2016,28.219999,214.240005,56.900002,#N/A,#N/A
9/27/2016,28.272499,215.570007,57.950001,#N/A,#N/A
9/28/2016,28.487499,216.639999,58.029999,#N/A,#N/A
9/29/2016,28.045,214.679993,57.400002,#N/A,#N/A
9/30/2016,28.262501,216.300003,57.599998,#N/A,#N/A
10/3/2016,28.129999,215.779999,57.419998,#N/A,#N/A
10/4/2016,28.25,214.679993,57.240002,#N/A,#N/A
10/5/2016,28.262501,215.630005,57.639999,#N/A,#N/A
10/6/2016,28.4725,215.779999,57.740002,#N/A,#N/A
10/7/2016,28.514999,215.039993,57.799999,#N/A,#N/A
10/10/2016,29.012501,216.160004,58.040001,#N/A,#N/A
10/11/2016,29.075001,213.429993,57.189999,#N/A,#N/A
10/12/2016,29.334999,213.710007,57.110001,#N/A,#N/A
10/13/2016,29.245001,213.009995,56.919998,#N/A,#N/A
10/14/2016,29.407499,213.119995,57.419998,#N/A,#N/A
10/17/2016,29.387501,212.380005,57.220001,#N/A,#N/A
10/18/2016,29.3675,213.710007,57.66,#N/A,#N/A
10/19/2016,29.280001,214.279999,57.529999,#N/A,#N/A
10/20/2016,29.264999,213.880005,57.25,#N/A,#N/A
10/21/2016,29.15,213.979996,59.66,#N/A,#N/A
10/24/2016,29.4125,214.889999,61,#N/A,#N/A
10/25/2016,29.5625,214.169998,60.990002,#N/A,#N/A
10/26/2016,28.897499,213.740005,60.630001,#N/A,#N/A
10/27/2016,28.620001,213.169998,60.099998,#N/A,#N/A
10/28/2016,28.43,212.539993,59.869999,#N/A,#N/A
10/31/2016,28.385,212.550003,59.919998,#N/A,#N/A
11/1/2016,27.872499,211.009995,59.799999,#N/A,#N/A
11/2/2016,27.897499,209.740005,59.43,#N/A,#N/A
11/3/2016,27.4575,208.779999,59.209999,#N/A,#N/A
11/4/2016,27.209999,208.550003,58.709999,#N/A,#N/A
11/7/2016,27.602501,213.149994,60.419998,#N/A,#N/A
11/8/2016,27.764999,214.110001,60.470001,#N/A,#N/A
11/9/2016,27.719999,216.380005,60.169998,#N/A,#N/A
11/10/2016,26.9475,216.919998,58.700001,#N/A,#N/A
11/11/2016,27.1075,216.419998,59.02,#N/A,#N/A
11/14/2016,26.4275,216.589996,58.119999,#N/A,#N/A
11/15/2016,26.7775,218.279999,58.869999,#N/A,#N/A
11/16/2016,27.497499,217.869995,59.650002,#N/A,#N/A
11/17/2016,27.487499,218.990005,60.639999,#N/A,#N/A
11/18/2016,27.514999,218.5,60.349998,#N/A,#N/A
11/21/2016,27.932501,220.149994,60.860001,#N/A,#N/A
11/22/2016,27.950001,220.580002,61.119999,#N/A,#N/A
11/23/2016,27.807501,220.699997,60.400002,#N/A,#N/A
11/25/2016,27.9475,221.520004,60.529999,#N/A,#N/A
11/28/2016,27.8925,220.479996,60.610001,#N/A,#N/A
11/29/2016,27.865,220.910004,61.09,#N/A,#N/A
11/30/2016,27.629999,220.380005,60.259998,#N/A,#N/A
12/1/2016,27.372499,219.570007,59.200001,#N/A,#N/A
12/2/2016,27.475,219.679993,59.25,#N/A,#N/A
12/5/2016,27.2775,221,60.220001,#N/A,#N/A
12/6/2016,27.487499,221.699997,59.950001,#N/A,#N/A
12/7/2016,27.7575,224.600006,61.369999,#N/A,#N/A
12/8/2016,28.030001,225.149994,61.009998,#N/A,#N/A
12/9/2016,28.487499,226.509995,61.970001,#N/A,#N/A
12/12/2016,28.325001,226.25,62.169998,#N/A,#N/A
12/13/2016,28.797501,227.759995,62.98,#N/A,#N/A
12/14/2016,28.797501,225.880005,62.68,#N/A,#N/A
12/15/2016,28.955,226.809998,62.580002,#N/A,#N/A
12/16/2016,28.9925,225.039993,62.299999,#N/A,#N/A
12/19/2016,29.16,225.529999,63.619999,#N/A,#N/A
12/20/2016,29.237499,226.399994,63.540001,#N/A,#N/A
12/21/2016,29.264999,225.770004,63.540001,#N/A,#N/A
12/22/2016,29.0725,225.380005,63.549999,#N/A,#N/A
12/23/2016,29.129999,225.710007,63.240002,#N/A,#N/A
12/27/2016,29.315001,226.270004,63.279999,#N/A,#N/A
12/28/2016,29.190001,224.399994,62.990002,#N/A,#N/A
12/29/2016,29.182501,224.350006,62.900002,#N/A,#N/A
12/30/2016,28.955,223.529999,62.139999,#N/A,#N/A
1/3/2017,29.0375,225.240005,62.580002,#N/A,#N/A
1/4/2017,29.004999,226.580002,62.299999,#N/A,#N/A
1/5/2017,29.1525,226.399994,62.299999,#N/A,#N/A
1/6/2017,29.477501,227.210007,62.84,#N/A,#N/A
1/9/2017,29.747499,226.460007,62.639999,#N/A,#N/A
1/10/2017,29.7775,226.460007,62.619999,#N/A,#N/A
1/11/2017,29.9375,227.100006,63.189999,#N/A,#N/A
1/12/2017,29.8125,226.529999,62.610001,#N/A,#N/A
1/13/2017,29.76,227.050003,62.700001,#N/A,#N/A
1/17/2017,30,226.25,62.529999,#N/A,#N/A
1/18/2017,29.997499,226.75,62.5,#N/A,#N/A
1/19/2017,29.945,225.910004,62.299999,#N/A,#N/A
1/20/2017,30,226.740005,62.740002,#N/A,#N/A
1/23/2017,30.02,226.149994,62.959999,#N/A,#N/A
1/24/2017,29.9925,227.600006,63.52,#N/A,#N/A
1/25/2017,30.469999,229.570007,63.68,#N/A,#N/A
1/26/2017,30.485001,229.330002,64.269997,#N/A,#N/A
1/27/2017,30.487499,228.970001,65.779999,#N/A,#N/A
1/30/2017,30.407499,227.550003,65.129997,#N/A,#N/A
1/31/2017,30.3375,227.529999,64.650002,#N/A,#N/A
2/1/2017,32.1875,227.619995,63.580002,#N/A,#N/A
2/2/2017,32.1325,227.770004,63.169998,#N/A,#N/A
2/3/2017,32.27,229.339996,63.68,#N/A,#N/A
2/6/2017,32.572498,228.929993,63.639999,#N/A,#N/A
2/7/2017,32.8825,228.940002,63.43,#N/A,#N/A
2/8/2017,33.009998,229.240005,63.34,#N/A,#N/A
2/9/2017,33.105,230.600006,64.059998,#N/A,#N/A
2/10/2017,33.029999,231.509995,64,#N/A,#N/A
2/13/2017,33.322498,232.770004,64.720001,#N/A,#N/A
2/14/2017,33.755001,233.699997,64.57,#N/A,#N/A
2/15/2017,33.877499,234.919998,64.529999,#N/A,#N/A
2/16/2017,33.837502,234.720001,64.519997,#N/A,#N/A
2/17/2017,33.93,235.089996,64.620003,#N/A,#N/A
2/21/2017,34.174999,236.490005,64.489998,#N/A,#N/A
2/22/2017,34.2775,236.279999,64.360001,#N/A,#N/A
2/23/2017,34.1325,236.440002,64.620003,#N/A,#N/A
2/24/2017,34.165001,236.740005,64.620003,#N/A,#N/A
2/27/2017,34.232498,237.110001,64.230003,#N/A,#N/A
2/28/2017,34.247501,236.470001,63.98,#N/A,#N/A
3/1/2017,34.947498,239.779999,64.940002,#N/A,#N/A
3/2/2017,34.740002,238.270004,64.010002,#N/A,#N/A
3/3/2017,34.945,238.419998,64.25,#N/A,#N/A
3/6/2017,34.834999,237.710007,64.269997,#N/A,#N/A
3/7/2017,34.880001,237,64.400002,#N/A,#N/A
3/8/2017,34.75,236.559998,64.989998,#N/A,#N/A
3/9/2017,34.669998,236.860001,64.730003,#N/A,#N/A
3/10/2017,34.785,237.690002,64.93,#N/A,#N/A
3/13/2017,34.799999,237.809998,64.709999,#N/A,#N/A
3/14/2017,34.747501,236.899994,64.410004,#N/A,#N/A
3/15/2017,35.115002,238.949997,64.75,#N/A,#N/A
3/16/2017,35.172501,238.479996,64.639999,#N/A,#N/A
3/17/2017,34.997501,237.029999,64.870003,#N/A,#N/A
3/20/2017,35.365002,236.770004,64.93,#N/A,#N/A
3/21/2017,34.959999,233.729996,64.209999,#N/A,#N/A
3/22/2017,35.355,234.279999,65.029999,#N/A,#N/A
3/23/2017,35.23,234.029999,64.870003,#N/A,#N/A
3/24/2017,35.16,233.860001,64.980003,#N/A,#N/A
3/27/2017,35.220001,233.619995,65.099998,#N/A,#N/A
3/28/2017,35.950001,235.320007,65.290001,#N/A,#N/A
3/29/2017,36.029999,235.539993,65.470001,#N/A,#N/A
3/30/2017,35.982498,236.289993,65.709999,#N/A,#N/A
3/31/2017,35.915001,235.740005,65.860001,#N/A,#N/A
4/3/2017,35.924999,235.330002,65.550003,#N/A,#N/A
4/4/2017,36.192501,235.479996,65.730003,#N/A,#N/A
4/5/2017,36.005001,234.779999,65.559998,#N/A,#N/A
4/6/2017,35.915001,235.440002,65.730003,#N/A,#N/A
4/7/2017,35.834999,235.199997,65.68,#N/A,#N/A
4/10/2017,35.7925,235.339996,65.529999,#N/A,#N/A
4/11/2017,35.407501,235.059998,65.480003,#N/A,#N/A
4/12/2017,35.450001,234.029999,65.230003,#N/A,#N/A
4/13/2017,35.262501,232.509995,64.949997,#N/A,#N/A
4/17/2017,35.4575,234.570007,65.480003,#N/A,#N/A
4/18/2017,35.299999,233.869995,65.389999,#N/A,#N/A
4/19/2017,35.169998,233.440002,65.040001,#N/A,#N/A
4/20/2017,35.610001,235.339996,65.5,#N/A,#N/A
4/21/2017,35.567501,234.589996,66.400002,#N/A,#N/A
4/24/2017,35.91,237.169998,67.529999,#N/A,#N/A
4/25/2017,36.1325,238.550003,67.919998,#N/A,#N/A
4/26/2017,35.919998,238.399994,67.830002,#N/A,#N/A
4/27/2017,35.947498,238.600006,68.269997,#N/A,#N/A
4/28/2017,35.912498,238.080002,68.459999,#N/A,#N/A
5/1/2017,36.645,238.679993,69.410004,#N/A,#N/A
5/2/2017,36.877499,238.770004,69.300003,#N/A,#N/A
5/3/2017,36.764999,238.479996,69.080002,#N/A,#N/A
5/4/2017,36.6325,238.759995,68.809998,#N/A,#N/A
5/5/2017,37.240002,239.699997,69,#N/A,#N/A
5/8/2017,38.252499,239.660004,68.940002,#N/A,#N/A
5/9/2017,38.497501,239.440002,69.040001,#N/A,#N/A
5/10/2017,38.314999,239.869995,69.309998,#N/A,#N/A
5/11/2017,38.487499,239.380005,68.459999,#N/A,#N/A
5/12/2017,39.025002,238.979996,68.379997,#N/A,#N/A
5/15/2017,38.924999,240.300003,68.43,#N/A,#N/A
5/16/2017,38.8675,240.080002,69.410004,#N/A,#N/A
5/17/2017,37.5625,235.820007,67.480003,#N/A,#N/A
5/18/2017,38.134998,236.770004,67.709999,#N/A,#N/A
5/19/2017,38.264999,238.309998,67.690002,#N/A,#N/A
5/22/2017,38.497501,239.520004,68.449997,#N/A,#N/A
5/23/2017,38.450001,240.050003,68.68,#N/A,#N/A
5/24/2017,38.334999,240.610001,68.769997,#N/A,#N/A
5/25/2017,38.467499,241.759995,69.620003,#N/A,#N/A
5/26/2017,38.4025,241.710007,69.959999,#N/A,#N/A
5/30/2017,38.4175,241.5,70.410004,#N/A,#N/A
5/31/2017,38.189999,241.440002,69.839996,#N/A,#N/A
6/1/2017,38.294998,243.360001,70.099998,#N/A,#N/A
6/2/2017,38.862499,244.169998,71.760002,#N/A,#N/A
6/5/2017,38.482498,243.990005,72.279999,#N/A,#N/A
6/6/2017,38.612499,243.210007,72.519997,#N/A,#N/A
6/7/2017,38.842499,243.660004,72.389999,#N/A,#N/A
6/8/2017,38.747501,243.779999,71.949997,#N/A,#N/A
6/9/2017,37.244999,243.410004,70.32,#N/A,#N/A
6/12/2017,36.355,243.360001,69.779999,#N/A,#N/A
6/13/2017,36.647499,244.550003,70.650002,#N/A,#N/A
6/14/2017,36.290001,244.240005,70.269997,#N/A,#N/A
6/15/2017,36.072498,243.770004,69.900002,#N/A,#N/A
6/16/2017,35.567501,242.639999,70,#N/A,#N/A
6/19/2017,36.584999,244.660004,70.870003,#N/A,#N/A
6/20/2017,36.252499,243.009995,69.910004,#N/A,#N/A
6/21/2017,36.467499,242.949997,70.269997,#N/A,#N/A
6/22/2017,36.407501,242.839996,70.260002,#N/A,#N/A
6/23/2017,36.57,243.130005,71.209999,#N/A,#N/A
6/26/2017,36.455002,243.289993,70.529999,#N/A,#N/A
6/27/2017,35.932499,241.330002,69.209999,#N/A,#N/A
6/28/2017,36.4575,243.490005,69.800003,#N/A,#N/A
6/29/2017,35.919998,241.350006,68.489998,#N/A,#N/A
6/30/2017,36.005001,241.800003,68.93,#N/A,#N/A
7/3/2017,35.875,242.210007,68.169998,#N/A,#N/A
7/5/2017,36.022499,242.770004,69.080002,#N/A,#N/A
7/6/2017,35.682499,240.550003,68.57,#N/A,#N/A
7/7/2017,36.044998,242.110001,69.459999,#N/A,#N/A
7/10/2017,36.264999,242.369995,69.980003,#N/A,#N/A
7/11/2017,36.3825,242.190002,69.989998,#N/A,#N/A
7/12/2017,36.435001,244.009995,71.150002,#N/A,#N/A
7/13/2017,36.942501,244.419998,71.769997,#N/A,#N/A
7/14/2017,37.259998,245.559998,72.779999,#N/A,#N/A
7/17/2017,37.389999,245.529999,73.349998,#N/A,#N/A
7/18/2017,37.52,245.660004,73.300003,#N/A,#N/A
7/19/2017,37.755001,246.990005,73.860001,#N/A,#N/A
7/20/2017,37.584999,247.100006,74.220001,#N/A,#N/A
7/21/2017,37.567501,246.880005,73.790001,#N/A,#N/A
7/24/2017,38.022499,246.820007,73.599998,#N/A,#N/A
7/25/2017,38.185001,247.419998,74.190002,#N/A,#N/A
7/26/2017,38.365002,247.429993,74.050003,#N/A,#N/A
7/27/2017,37.639999,247.199997,73.160004,#N/A,#N/A
7/28/2017,37.375,246.910004,73.040001,#N/A,#N/A
7/31/2017,37.182499,246.770004,72.699997,#N/A,#N/A
8/1/2017,37.512501,247.320007,72.580002,#N/A,#N/A
8/2/2017,39.285,247.440002,72.260002,#N/A,#N/A
8/3/2017,38.892502,246.960007,72.150002,#N/A,#N/A
8/4/2017,39.0975,247.410004,72.68,#N/A,#N/A
8/7/2017,39.702499,247.869995,72.400002,#N/A,#N/A
8/8/2017,40.02,247.259995,72.790001,#N/A,#N/A
8/9/2017,40.264999,247.25,72.470001,#N/A,#N/A
8/10/2017,38.830002,243.759995,71.410004,#N/A,#N/A
8/11/2017,39.369999,244.119995,72.5,#N/A,#N/A
8/14/2017,39.962502,246.539993,73.589996,#N/A,#N/A
8/15/2017,40.400002,246.509995,73.220001,#N/A,#N/A
8/16/2017,40.237499,246.940002,73.650002,#N/A,#N/A
8/17/2017,39.465,243.089996,72.400002,#N/A,#N/A
8/18/2017,39.375,242.710007,72.489998,#N/A,#N/A
8/21/2017,39.302502,242.899994,72.150002,#N/A,#N/A
8/22/2017,39.945,245.440002,73.160004,#N/A,#N/A
8/23/2017,39.994999,244.559998,72.720001,#N/A,#N/A
8/24/2017,39.817501,243.990005,72.690002,#N/A,#N/A
8/25/2017,39.965,244.559998,72.82,#N/A,#N/A
8/28/2017,40.3675,244.570007,72.830002,#N/A,#N/A
8/29/2017,40.727501,244.850006,73.050003,#N/A,#N/A
8/30/2017,40.837502,246.009995,74.010002,#N/A,#N/A
8/31/2017,41,247.490005,74.769997,#N/A,#N/A
9/1/2017,41.012501,247.839996,73.940002,#N/A,#N/A
9/5/2017,40.52,246.059998,73.610001,#N/A,#N/A
9/6/2017,40.477501,246.899994,73.400002,#N/A,#N/A
9/7/2017,40.314999,246.869995,74.339996,#N/A,#N/A
9/8/2017,39.657501,246.580002,73.980003,#N/A,#N/A
9/11/2017,40.375,249.210007,74.760002,#N/A,#N/A
9/12/2017,40.215,250.050003,74.68,#N/A,#N/A
9/13/2017,39.912498,250.169998,75.209999,#N/A,#N/A
9/14/2017,39.57,250.089996,74.769997,#N/A,#N/A
9/15/2017,39.970001,249.190002,75.309998,#N/A,#N/A
9/18/2017,39.6675,249.720001,75.160004,#N/A,#N/A
9/19/2017,39.682499,249.970001,75.440002,#N/A,#N/A
9/20/2017,39.017502,250.059998,74.940002,#N/A,#N/A
9/21/2017,38.3475,249.389999,74.209999,#N/A,#N/A
9/22/2017,37.9725,249.440002,74.410004,#N/A,#N/A
9/25/2017,37.637501,248.929993,73.260002,#N/A,#N/A
9/26/2017,38.285,249.080002,73.260002,#N/A,#N/A
9/27/2017,38.557499,250.050003,73.849998,#N/A,#N/A
9/28/2017,38.32,250.350006,73.870003,#N/A,#N/A
9/29/2017,38.529999,251.229996,74.489998,#N/A,#N/A
10/2/2017,38.452499,252.320007,74.610001,#N/A,#N/A
10/3/2017,38.619999,252.860001,74.260002,#N/A,#N/A
10/4/2017,38.369999,253.160004,74.690002,#N/A,#N/A
10/5/2017,38.8475,254.660004,75.970001,#N/A,#N/A
10/6/2017,38.825001,254.369995,76,#N/A,#N/A
10/9/2017,38.959999,253.949997,76.290001,#N/A,#N/A
10/10/2017,38.974998,254.619995,76.290001,#N/A,#N/A
10/11/2017,39.137501,255.020004,76.419998,#N/A,#N/A
10/12/2017,39,254.639999,77.120003,#N/A,#N/A
10/13/2017,39.247501,254.949997,77.489998,#N/A,#N/A
10/16/2017,39.970001,255.289993,77.650002,#N/A,#N/A
10/17/2017,40.1175,255.470001,77.589996,#N/A,#N/A
10/18/2017,39.939999,255.720001,77.610001,#N/A,#N/A
10/19/2017,38.994999,255.789993,77.910004,#N/A,#N/A
10/20/2017,39.0625,257.109985,78.809998,#N/A,#N/A
10/23/2017,39.0425,256.109985,78.830002,#N/A,#N/A
10/24/2017,39.275002,256.559998,78.860001,#N/A,#N/A
10/25/2017,39.102501,255.289993,78.629997,#N/A,#N/A
10/26/2017,39.352501,255.619995,78.760002,#N/A,#N/A
10/27/2017,40.762501,257.709991,83.809998,#N/A,#N/A
10/30/2017,41.68,256.75,83.889999,#N/A,#N/A
10/31/2017,42.259998,257.149994,83.18,#N/A,#N/A
11/1/2017,41.7225,257.48999,83.18,#N/A,#N/A
11/2/2017,42.0275,257.589996,84.050003,#N/A,#N/A
11/3/2017,43.125,258.450012,84.139999,#N/A,#N/A
11/6/2017,43.5625,258.850006,84.470001,#N/A,#N/A
11/7/2017,43.702499,258.670013,84.269997,#N/A,#N/A
11/8/2017,44.060001,259.109985,84.559998,#N/A,#N/A
11/9/2017,43.970001,258.170013,84.089996,320.884003,7143.580078
11/10/2017,43.6675,258.089996,83.870003,299.252991,6618.140137
11/13/2017,43.4925,258.329987,83.93,316.716003,6559.490234
11/14/2017,42.834999,257.730011,84.050003,337.631012,6635.75
11/15/2017,42.27,256.440002,82.980003,333.356995,7315.540039
11/16/2017,42.775002,258.619995,83.199997,330.924011,7871.689941
11/17/2017,42.537498,257.859985,82.400002,332.394012,7708.990234
11/20/2017,42.494999,258.299988,82.529999,366.730011,8200.639648
11/21/2017,43.285,259.98999,83.720001,360.401001,8071.259766
11/22/2017,43.740002,259.76001,83.110001,380.652008,8253.549805
11/24/2017,43.7425,260.359985,83.260002,474.911011,8253.69043
11/27/2017,43.522499,260.230011,83.870003,480.355011,9818.349609
11/28/2017,43.267502,262.869995,84.879997,472.902008,10058.79981
11/29/2017,42.369999,262.709991,83.339996,427.52301,9888.610352
11/30/2017,42.962502,265.01001,84.169998,447.114014,10233.59961
12/1/2017,42.762501,264.459991,84.260002,466.540009,10975.59961
12/4/2017,42.450001,264.140015,81.080002,470.20401,11657.2002
12/5/2017,42.41,263.190002,81.589996,463.281006,11916.7002
12/6/2017,42.252499,263.23999,82.779999,428.588013,14291.5
12/7/2017,42.330002,264.070007,82.489998,434.40799,17899.69922
12/8/2017,42.342499,265.51001,84.160004,456.031006,16569.40039
12/11/2017,43.1675,266.309998,85.230003,515.135986,16936.80078
12/12/2017,42.924999,266.779999,85.580002,651.43103,17415.40039
12/13/2017,43.067501,266.75,85.349998,702.767029,16408.19922
12/14/2017,43.055,265.660004,84.690002,695.815979,16564
12/15/2017,43.4925,266.51001,86.849998,684.447998,17706.90039
12/18/2017,44.105,268.200012,86.379997,794.64502,19114.19922
12/19/2017,43.634998,267.170013,85.830002,826.822998,17776.69922
12/20/2017,43.587502,267.029999,85.519997,819.085999,16624.59961
12/21/2017,43.752499,267.579987,85.5,821.062988,15802.90039
12/22/2017,43.752499,267.51001,85.510002,674.859985,13831.79981
12/26/2017,42.642502,267.190002,85.400002,773.835999,16099.79981
12/27/2017,42.650002,267.320007,85.709999,762.84198,15838.5
12/28/2017,42.77,267.869995,85.720001,737.02301,14606.5
12/29/2017,42.307499,266.859985,85.540001,753.59198,14656.2002
1/2/2018,43.064999,268.769989,85.949997,884.44397,14982.09961
1/3/2018,43.057499,270.470001,86.349998,962.719971,15201
1/4/2018,43.2575,271.609985,87.110001,980.921997,15599.2002
1/5/2018,43.75,273.420013,88.190002,997.719971,17429.5
1/8/2018,43.587502,273.920013,88.279999,1148.530029,15170.09961
1/9/2018,43.5825,274.540009,88.220001,1299.73999,14595.40039
1/10/2018,43.572498,274.119995,87.82,1255.819946,14973.29981
1/11/2018,43.82,276.119995,88.080002,1154.930054,13405.79981
1/12/2018,44.272499,277.920013,89.599998,1273.199951,13980.59961
1/16/2018,44.047501,276.970001,88.349998,1053.689941,11490.5
1/17/2018,44.775002,279.609985,90.139999,1014.25,11188.59961
1/18/2018,44.814999,279.140015,90.099998,1036.280029,11474.90039
1/19/2018,44.615002,280.410004,90,1039.099976,11607.40039
1/22/2018,44.25,282.690002,91.610001,1003.26001,10931.40039
1/23/2018,44.259998,283.290009,91.900002,986.229004,10868.40039
1/24/2018,43.555,283.179993,91.82,1058.780029,11359.40039
1/25/2018,42.7775,283.299988,92.330002,1056.030029,11259.40039
1/26/2018,42.877499,286.579987,94.059998,1055.170044,11171.40039
1/29/2018,41.990002,284.679993,93.919998,1182.359985,11296.40039
1/30/2018,41.7425,281.76001,92.739998,1071.130005,10106.29981
1/31/2018,41.857498,281.899994,95.010002,1118.310059,10221.09961
2/1/2018,41.945,281.579987,94.260002,1036.790039,9170.540039
2/2/2018,40.125,275.450012,91.779999,915.784973,8830.75
2/5/2018,39.122501,263.929993,88,697.950989,6955.27002
2/6/2018,40.7575,269.130005,91.330002,793.122009,7754
2/7/2018,39.884998,267.670013,89.610001,757.067993,7621.299805
2/8/2018,38.787498,257.630005,85.010002,817.807007,8265.589844
2/9/2018,39.102501,261.5,88.18,883.86499,8736.980469
2/12/2018,40.677502,265.339996,89.129997,868.70697,8926.570313
2/13/2018,41.084999,266,89.830002,845.257996,8598.30957
2/14/2018,41.842499,269.589996,90.809998,923.560974,9494.629883
2/15/2018,43.247501,273.029999,92.660004,936.976013,10166.40039
2/16/2018,43.107498,273.109985,92,944.210022,10233.90039
2/20/2018,42.962502,271.399994,92.720001,895.370972,11403.7002
2/21/2018,42.767502,270.049988,91.489998,849.971008,10690.40039
2/22/2018,43.125,270.399994,91.730003,812.844971,10005
2/23/2018,43.875,274.709991,94.059998,864.189026,10301.09961
2/26/2018,44.7425,277.899994,95.419998,869.315002,10366.7002
2/27/2018,44.5975,274.429993,94.199997,878.265015,10725.59961
2/28/2018,44.529999,271.649994,93.769997,855.198975,10397.90039
3/1/2018,43.75,267.700012,92.849998,872.200012,10951
3/2/2018,44.052502,269.079987,93.050003,856.853027,11086.40039
3/5/2018,44.205002,272.190002,93.639999,853.684021,11573.29981
3/6/2018,44.1675,272.880005,93.32,816.950989,10779.90039
3/7/2018,43.7575,272.779999,93.860001,752.830994,9965.570313
3/8/2018,44.235001,274.100006,94.43,704.596008,9395.009766
3/9/2018,44.994999,278.869995,96.540001,728.916016,9337.549805
3/12/2018,45.43,278.519989,96.769997,699.830994,9205.120117
3/13/2018,44.9925,276.720001,94.410004,690.827026,9194.849609
3/14/2018,44.610001,275.299988,93.849998,614.291016,8269.80957
3/15/2018,44.662498,275,94.18,611.304016,8300.860352
3/16/2018,44.505001,274.200012,94.599998,601.666016,8338.349609
3/19/2018,43.825001,270.48999,92.889999,556.726013,8630.650391
3/20/2018,43.810001,270.950012,93.129997,557.174988,8913.469727
3/21/2018,42.817501,270.429993,92.480003,561.731995,8929.280273
3/22/2018,42.212502,263.670013,89.790001,539.702026,8728.469727
3/23/2018,41.235001,258.049988,87.18,539.619019,8879.620117
3/26/2018,43.192501,265.109985,93.779999,489.950989,8209.400391
3/27/2018,42.084999,260.600006,89.470001,450.115997,7833.040039
3/28/2018,41.619999,259.829987,89.389999,446.278992,7954.47998
3/29/2018,41.945,263.149994,91.269997,385.967987,7165.700195
4/2/2018,41.669998,257.470001,88.519997,386.424988,7083.799805
4/3/2018,42.0975,260.769989,89.709999,416.893005,7456.109863
4/4/2018,42.9025,263.559998,92.330002,380.542999,6853.839844
4/5/2018,43.200001,265.640015,92.379997,383.231995,6811.470215
4/6/2018,42.095001,259.720001,90.230003,370.285004,6636.319824
4/9/2018,42.512501,261,90.769997,398.526001,6770.72998
4/10/2018,43.3125,265.149994,92.879997,414.243011,6834.759766
4/11/2018,43.110001,263.76001,91.860001,430.540009,6968.319824
4/12/2018,43.535,265.929993,93.580002,492.94101,7889.25
4/13/2018,43.682499,265.149994,93.080002,492.734985,7895.959961
4/16/2018,43.955002,267.329987,94.169998,511.147003,8058.669922
4/17/2018,44.560001,270.190002,96.07,502.894012,7902.089844
4/18/2018,44.459999,270.390015,96.440002,524.789001,8163.419922
4/19/2018,43.200001,268.890015,96.110001,567.888977,8294.30957
4/20/2018,41.43,266.609985,95,615.718018,8845.830078
4/23/2018,41.310001,266.570007,95.349998,642.547974,8930.879883
4/24/2018,40.735001,262.980011,93.120003,708.15802,9697.5
4/25/2018,40.912498,263.630005,92.309998,615.416016,8845.740234
4/26/2018,41.055,266.309998,94.260002,662.809021,9281.509766
4/27/2018,40.580002,266.559998,95.82,647.031982,8987.049805
4/30/2018,41.314999,264.51001,93.519997,669.924011,9240.549805
5/1/2018,42.275002,264.980011,95,673.612976,9119.009766
5/2/2018,44.142502,263.200012,93.510002,687.148987,9235.919922
5/3/2018,44.2225,262.619995,94.07,779.54303,9743.860352
5/4/2018,45.9575,266.019989,95.160004,785.624023,9700.759766
5/7/2018,46.290001,266.920013,96.220001,753.724976,9373.009766
5/8/2018,46.512501,266.920013,95.809998,752.856995,9234.820313
5/9/2018,46.84,269.5,96.940002,752.275024,9325.179688
5/10/2018,47.509998,272.019989,97.910004,727.276978,9043.94043
5/11/2018,47.147499,272.850006,97.699997,679.585999,8441.490234
5/14/2018,47.037498,272.980011,98.029999,730.549011,8716.790039
5/15/2018,46.610001,271.100006,97.32,708.870972,8510.379883
5/16/2018,47.044998,272.23999,97.150002,707.049988,8368.830078
5/17/2018,46.747501,272.01001,96.18,672.656982,8094.319824
5/18/2018,46.577499,271.329987,96.360001,694.367004,8250.969727
5/21/2018,46.907501,273.369995,97.599998,699.221985,8418.990234
5/22/2018,46.790001,272.609985,97.5,647.741028,8041.779785
5/23/2018,47.09,273.359985,98.660004,583.585022,7557.819824
5/24/2018,47.037498,272.799988,98.309998,601.755005,7587.339844
5/25/2018,47.145,272.149994,98.360001,586.734009,7480.140137
5/29/2018,46.974998,269.019989,98.010002,565.388,7472.589844
5/30/2018,46.875,272.609985,98.949997,559.590027,7406.52002
5/31/2018,46.717499,270.940002,98.839996,577.64502,7494.169922
6/1/2018,47.560001,273.600006,100.790001,580.04303,7541.450195
6/4/2018,47.9575,274.899994,101.669998,592.984985,7514.470215
6/5/2018,48.327499,275.100006,102.190002,609.302979,7633.759766
6/6/2018,48.494999,277.399994,102.489998,607.124023,7653.97998
6/7/2018,48.365002,277.369995,100.879997,605.187012,7678.240234
6/8/2018,47.924999,278.190002,101.629997,601.077026,7624.919922
6/11/2018,47.807499,278.559998,101.050003,533.283997,6906.919922
6/12/2018,48.07,278.920013,101.309998,496.842987,6582.359863
6/13/2018,47.674999,278.029999,100.849998,477.493988,6349.899902
6/14/2018,47.700001,278.730011,101.419998,519.742004,6675.350098
6/15/2018,47.209999,277.130005,100.129997,491.003998,6456.580078
6/18/2018,47.185001,276.559998,100.860001,518.890991,6734.819824
6/19/2018,46.422501,275.5,100.860001,537.95697,6769.939941
6/20/2018,46.625,275.970001,101.870003,536.268005,6776.549805
6/21/2018,46.365002,274.23999,101.139999,527.367004,6729.740234
6/22/2018,46.23,274.73999,100.410004,465.816986,6083.689941
6/25/2018,45.5425,271,98.389999,460.309998,6249.180176
6/26/2018,46.107498,271.600006,99.080002,432.772003,6093.669922
6/27/2018,46.040001,269.350006,97.540001,442.36499,6157.129883
6/28/2018,46.375,270.890015,98.629997,422.36499,5903.439941
6/29/2018,46.2775,271.279999,98.610001,436.009003,6218.299805
7/2/2018,46.794998,271.859985,100.010002,475.346985,6614.180176
7/3/2018,45.98,270.899994,99.050003,464.195007,6529.589844
7/5/2018,46.349998,273.109985,99.760002,474.411987,6639.140137
7/6/2018,46.9925,275.420013,101.160004,474.011993,6673.5
7/9/2018,47.645,277.899994,101.849998,476.682007,6741.75
7/10/2018,47.587502,278.899994,102.120003,434.424011,6329.950195
7/11/2018,46.970001,276.859985,101.980003,446.518005,6394.709961
7/12/2018,47.7575,279.369995,104.190002,430.074005,6228.810059
7/13/2018,47.8325,279.589996,105.43,434.027008,6238.049805
7/16/2018,47.727501,279.339996,104.910004,480.65799,6741.75
7/17/2018,47.862499,280.470001,105.949997,501.002014,7321.040039
7/18/2018,47.599998,281.059998,105.120003,480.513,7370.779785
7/19/2018,47.970001,280,104.400002,469.618988,7466.859863
7/20/2018,47.860001,279.679993,106.269997,450.697998,7354.129883
7/23/2018,47.9025,280.200012,107.970001,450.852997,7711.109863
7/24/2018,48.25,281.609985,107.660004,479.372986,8424.269531
7/25/2018,48.705002,284.01001,110.830002,472.493011,8181.390137
7/26/2018,48.552502,283.339996,109.620003,464.036987,7951.580078
7/27/2018,47.744999,281.420013,107.68,469.665985,8165.009766
7/30/2018,47.477501,279.950012,105.370003,457.080994,8180.47998
7/31/2018,47.572498,281.329987,106.080002,433.867004,7780.439941
8/1/2018,50.375,280.859985,106.279999,420.747009,7624.910156
8/2/2018,51.8475,282.390015,107.57,412.621002,7567.149902
8/3/2018,51.997501,283.600006,108.040001,418.261993,7434.390137
8/6/2018,52.267502,284.640015,108.129997,406.65799,6951.799805
8/7/2018,51.7775,285.579987,108.879997,380.214996,6753.120117
8/8/2018,51.8125,285.459991,109.489998,356.613007,6305.799805
8/9/2018,52.220001,285.070007,109.669998,365.588013,6568.22998
8/10/2018,51.8825,283.160004,109,334.175995,6184.709961
8/13/2018,52.217499,282.100006,108.209999,286.494995,6297.569824
8/14/2018,52.4375,283.899994,109.559998,278.932007,6199.709961
8/15/2018,52.560001,281.779999,107.660004,282.364014,6308.52002
8/16/2018,53.330002,284.059998,107.639999,288.04599,6334.72998
8/17/2018,54.395,285.059998,107.580002,315.729004,6580.629883
8/20/2018,53.865002,285.670013,106.870003,274.315002,6308.529785
8/21/2018,53.759998,286.339996,105.980003,281.944,6488.759766
8/22/2018,53.762501,286.170013,107.059998,271.341003,6376.709961
8/23/2018,53.872501,285.790009,107.559998,277.104004,6534.879883
8/24/2018,54.040001,287.51001,108.400002,282.96701,6719.959961
8/27/2018,54.485001,289.779999,109.599998,285.602997,6884.640137
8/28/2018,54.924999,289.920013,110.260002,296.498993,7096.279785
8/29/2018,55.744999,291.480011,112.019997,289.312012,7047.160156
8/30/2018,56.2575,290.299988,111.949997,284.105011,6978.22998
8/31/2018,56.907501,290.309998,112.330002,283.003998,7037.580078
9/4/2018,57.09,289.809998,111.709999,285.722992,7361.660156
9/5/2018,56.717499,289.029999,108.489998,232.330994,6792.830078
9/6/2018,55.775002,288.160004,108.739998,230.214996,6529.169922
9/7/2018,55.325001,287.600006,108.209999,217.203003,6467.069824
9/10/2018,54.5825,288.100006,109.379997,197.078995,6329.700195
9/11/2018,55.962502,289.049988,111.239998,185.065994,6321.200195
9/12/2018,55.267502,289.119995,111.709999,183.330994,6351.799805
9/13/2018,56.602501,290.829987,112.910004,211.354004,6517.310059
9/14/2018,55.959999,290.880005,113.370003,211.748993,6512.709961
9/17/2018,54.470001,289.339996,112.139999,197.875,6281.200195
9/18/2018,54.560001,290.910004,113.209999,209.975006,6371.299805
9/19/2018,54.592499,291.220001,111.699997,209.968994,6398.540039
9/20/2018,55.0075,293.579987,113.57,224.591003,6519.669922
9/21/2018,54.415001,291.98999,114.260002,246.584,6734.950195
9/24/2018,55.197498,291.019989,114.669998,228.729996,6595.410156
9/25/2018,55.547501,290.75,114.449997,218.505005,6446.470215
9/26/2018,55.105,289.880005,113.980003,215.847,6495
9/27/2018,56.237499,290.690002,114.410004,228.494003,6676.75
9/28/2018,56.435001,290.720001,114.370003,222.401993,6644.129883
10/1/2018,56.814999,291.730011,115.610001,230.768005,6589.620117
10/2/2018,57.32,291.559998,115.150002,227.181,6556.100098
10/3/2018,58.017502,291.720001,115.169998,220.488998,6502.589844
10/4/2018,56.997501,289.440002,112.790001,222.218002,6576.689941
10/5/2018,56.072498,287.820007,112.129997,227.600998,6622.47998
10/8/2018,55.942501,287.820007,110.849998,229.255005,6652.22998
10/9/2018,56.717499,287.399994,112.260002,227.981995,6642.640137
10/10/2018,54.09,278.299988,106.160004,225.768997,6585.529785
10/11/2018,53.612499,272.170013,105.910004,189.498993,6256.240234
10/12/2018,55.5275,275.950012,109.57,196.727005,6274.580078
10/15/2018,54.34,274.399994,107.599998,209.703995,6596.540039
10/16/2018,55.537498,280.399994,111,210.119995,6596.109863
10/17/2018,55.297501,280.450012,110.709999,207.082993,6544.430176
10/18/2018,54.005001,276.399994,108.5,203.352005,6476.709961
10/19/2018,54.827499,276.25,108.660004,203.727005,6465.410156
10/22/2018,55.162498,275.01001,109.629997,204.044006,6487.160156
10/23/2018,55.682499,273.609985,108.099998,204.335999,6475.740234
10/24/2018,53.772499,265.320007,102.32,203.852005,6495.839844
10/25/2018,54.950001,270.079987,108.300003,202.718994,6476.290039
10/26/2018,54.075001,265.329987,106.959999,203.328995,6474.75
10/29/2018,53.060001,263.859985,103.849998,197.246994,6332.629883
10/30/2018,53.325001,267.769989,103.730003,197.556,6334.27002
10/31/2018,54.715,270.630005,106.809998,197.380997,6317.609863
11/1/2018,55.555,273.51001,105.919998,198.871994,6377.779785
11/2/2018,51.869999,271.890015,106.160004,200.634995,6388.439941
11/5/2018,50.397499,273.390015,107.510002,209.091003,6419.660156
11/6/2018,50.942501,275.119995,107.720001,218.451996,6461.009766
11/7/2018,52.487499,281.01001,111.959999,217.182999,6530.140137
11/8/2018,52.122501,280.5,111.75,212.231003,6453.720215
11/9/2018,51.1175,277.76001,109.57,210.074005,6385.620117
11/12/2018,48.5425,272.570007,106.870003,210.417999,6371.27002
11/13/2018,48.057499,272.059998,106.940002,206.826004,6359.490234
11/14/2018,46.700001,270.200012,104.970001,181.397003,5738.350098
11/15/2018,47.852501,273.019989,107.279999,180.806,5648.029785
11/16/2018,48.3825,273.730011,108.290001,175.177002,5575.549805
11/19/2018,46.465,269.100006,104.620003,149.175003,4871.490234
11/20/2018,44.244999,264.119995,101.709999,130.339005,4451.870117
11/21/2018,44.195,265.019989,103.110001,136.701004,4602.169922
11/23/2018,43.072498,263.25,103.07,123.295998,4347.109863
11/26/2018,43.654999,267.5,106.470001,108.334999,3779.129883
11/27/2018,43.560001,268.399994,107.139999,110.010002,3820.719971
11/28/2018,45.235001,274.579987,111.120003,122.438004,4257.419922
11/29/2018,44.887501,273.980011,110.190002,117.542648,4278.84668
11/30/2018,44.645,275.649994,110.889999,113.171417,4017.268555
12/3/2018,46.205002,279.299988,112.089996,108.925018,3894.130859
12/4/2018,44.172501,270.25,108.519997,110.214188,3956.893799
12/6/2018,43.68,269.839996,109.190002,91.761055,3521.101807
12/7/2018,42.122501,263.570007,104.82,93.294563,3419.937256
12/10/2018,42.400002,264.070007,107.589996,91.685654,3502.656006
12/11/2018,42.157501,264.130005,108.589996,88.945305,3424.588135
12/12/2018,42.275002,265.459991,109.080002,90.5933,3486.950195
12/13/2018,42.737499,265.369995,109.449997,86.539314,3313.677246
12/14/2018,41.369999,260.470001,106.029999,84.308296,3242.484863
12/17/2018,40.985001,255.360001,102.889999,95.133827,3545.864746
12/18/2018,41.517502,255.080002,103.970001,101.112457,3696.059082
12/19/2018,40.2225,251.259995,103.690002,101.268578,3745.950684
12/20/2018,39.2075,247.169998,101.510002,116.216873,4134.441406
12/21/2018,37.682499,240.699997,98.230003,109.496231,3896.543701
12/24/2018,36.7075,234.339996,94.129997,140.238007,4078.599121
12/26/2018,39.2925,246.179993,100.559998,131.865631,3857.297607
12/27/2018,39.037498,248.070007,101.18,116.575912,3654.833496
12/28/2018,39.057499,247.75,100.389999,137.647018,3923.918701
12/31/2018,39.435001,249.919998,101.57,133.368256,3742.700439
1/2/2019,39.48,250.179993,101.120003,155.047684,3943.409424
1/3/2019,35.547501,244.210007,97.400002,149.13501,3836.741211
1/4/2019,37.064999,252.389999,101.93,154.58194,3857.717529
1/7/2019,36.982498,254.380005,102.059998,151.699219,4025.248291
1/8/2019,37.6875,256.769989,102.800003,150.359634,4030.8479
1/9/2019,38.327499,257.970001,104.269997,150.803116,4035.296387
1/10/2019,38.450001,258.880005,103.599998,128.625183,3678.924561
1/11/2019,38.072498,258.980011,102.800003,127.548325,3687.365479
1/14/2019,37.5,257.399994,102.050003,129.068726,3706.052246
1/15/2019,38.267502,260.350006,105.010002,122.032715,3630.675293
1/16/2019,38.735001,260.980011,105.379997,123.547066,3655.006836
1/17/2019,38.965,262.959991,106.120003,123.74192,3678.563965
1/18/2019,39.205002,266.459991,107.709999,121.010262,3657.839355
1/22/2019,38.325001,262.859985,105.68,118.747551,3604.577148
1/23/2019,38.48,263.410004,106.709999,117.452606,3585.123047
1/24/2019,38.174999,263.549988,106.199997,117.362885,3600.865479
1/25/2019,39.439999,265.779999,107.169998,116.378342,3599.765869
1/28/2019,39.075001,263.76001,105.080002,106.589973,3470.450439
1/29/2019,38.669998,263.410004,102.940002,105.598213,3448.116943
1/30/2019,41.3125,267.579987,106.379997,108.907539,3486.181641
1/31/2019,41.610001,269.929993,104.43,107.061012,3457.792725
2/1/2019,41.630001,270.059998,102.779999,107.609787,3487.945313
2/4/2019,42.8125,271.959991,105.739998,107.821602,3459.154053
2/5/2019,43.544998,273.100006,107.220001,107.44352,3466.357422
2/6/2019,43.560001,272.73999,106.029999,104.919289,3413.767822
2/7/2019,42.735001,270.140015,105.269997,104.535301,3399.47168
2/8/2019,42.602501,270.470001,105.669998,119.267746,3666.780273
2/11/2019,42.357498,270.619995,105.25,121.298393,3648.430664
2/12/2019,42.7225,274.100006,106.889999,122.572289,3653.528564
2/13/2019,42.544998,274.98999,106.809998,122.553604,3632.070557
2/14/2019,42.700001,274.380005,106.900002,121.390205,3616.880859
2/15/2019,42.605,277.369995,108.220001,122.100388,3620.810791
2/19/2019,42.732498,277.850006,108.169998,145.346191,3947.094482
2/20/2019,43.0075,278.410004,107.150002,149.554337,3999.820557
2/21/2019,42.764999,277.420013,109.410004,146.130844,3954.118164
2/22/2019,43.2425,279.140015,110.970001,149.092453,4005.526611
2/25/2019,43.557499,279.519989,111.589996,139.822861,3882.696289
2/26/2019,43.5825,279.320007,112.360001,138.089676,3854.35791
2/27/2019,43.717499,279.200012,112.169998,136.125961,3851.047363
2/28/2019,43.287498,278.679993,112.029999,136.746246,3854.7854
3/1/2019,43.7425,280.420013,112.529999,136.443619,3859.58374
3/4/2019,43.962502,279.399994,112.260002,127.774124,3761.557129
3/5/2019,43.8825,279.019989,111.699997,137.822388,3896.375
3/6/2019,43.630001,277.329987,111.75,138.789352,3903.942627
3/7/2019,43.125,275.01001,110.389999,138.0345,3911.484375
3/8/2019,43.227501,274.459991,110.510002,135.127075,3901.131592
3/11/2019,44.724998,278.440002,112.830002,133.83403,3905.227295
3/12/2019,45.227501,279.48999,113.620003,134.442886,3909.15625
3/13/2019,45.427502,281.339996,114.5,133.263077,3906.717285
3/14/2019,45.932499,281.160004,114.589996,133.711594,3924.369141
3/15/2019,46.529999,281.309998,115.910004,137.691788,3960.911133
3/18/2019,47.005001,282.329987,117.57,139.374603,4032.507324
3/19/2019,46.6325,282.399994,117.650002,140.519196,4071.190186
3/20/2019,47.040001,281.549988,117.519997,140.686356,4087.476318
3/21/2019,48.772499,284.730011,120.220001,136.636063,4029.326904
3/22/2019,47.762501,279.25,117.050003,137.181442,4023.968262
3/25/2019,47.185001,279.040009,117.660004,135.031021,3963.070557
3/26/2019,46.697498,281.119995,117.910004,135.460358,3985.080811
3/27/2019,47.1175,279.649994,116.769997,140.988159,4087.066162
3/28/2019,47.18,280.709991,116.93,139.416473,4069.107178
3/29/2019,47.487499,282.480011,117.940002,142.497421,4098.374512
4/1/2019,47.810001,285.829987,119.019997,141.830322,4158.183105
4/2/2019,48.505001,285.970001,119.190002,163.961746,4879.87793
4/3/2019,48.837502,286.420013,119.970001,161.458801,4973.021973
4/4/2019,48.922501,287.179993,119.360001,158.052536,4922.798828
4/5/2019,49.25,288.570007,119.889999,165.514847,5036.681152
4/8/2019,50.025002,288.790009,119.93,180.25882,5289.770996
4/9/2019,49.875,287.309998,119.279999,176.114578,5204.958496
4/10/2019,50.154999,288.290009,120.190002,177.337479,5324.551758
4/11/2019,49.737499,288.209991,120.330002,165.497025,5064.487793
4/12/2019,49.717499,290.160004,120.949997,164.736328,5089.539063
4/15/2019,49.807499,289.970001,121.050003,161.574173,5067.108398
4/16/2019,49.8125,290.160004,120.769997,167.623444,5235.55957
4/17/2019,50.782501,289.450012,121.769997,166.95076,5251.937988
4/18/2019,50.965,290.019989,123.370003,173.814026,5298.385742
4/22/2019,51.1325,290.269989,123.760002,171.874664,5399.365234
4/23/2019,51.869999,292.880005,125.440002,171.4478,5572.362305
4/24/2019,51.790001,292.230011,125.010002,165.826096,5464.866699
4/25/2019,51.32,292.049988,129.149994,154.459396,5210.515625
4/26/2019,51.075001,293.410004,129.889999,156.347092,5279.348145
4/29/2019,51.1525,293.869995,129.770004,155.201996,5247.352539
4/30/2019,50.1675,294.019989,130.600006,162.166031,5350.726563
5/1/2019,52.630001,291.809998,127.879997,160.818344,5402.697266
5/2/2019,52.287498,291.179993,126.209999,162.122787,5505.283691
5/3/2019,52.9375,294.029999,128.899994,167.952408,5768.289551
5/6/2019,52.119999,292.820007,128.149994,172.653214,5746.807129
5/7/2019,50.715,287.929993,125.519997,169.79866,5829.501465
5/8/2019,50.724998,287.529999,125.510002,170.948166,5982.45752
5/9/2019,50.18,286.660004,125.5,170.289307,6174.528809
5/10/2019,49.294998,288.100006,127.129997,173.142746,6378.849121
5/13/2019,46.43,280.859985,123.349998,196.846283,7814.915039
5/14/2019,47.165001,283.399994,124.730003,217.148575,7994.416016
5/15/2019,47.73,285.059998,126.019997,247.153061,8205.167969
5/16/2019,47.52,287.700012,128.929993,264.01001,7884.90918
5/17/2019,47.25,285.839996,128.070007,243.764587,7343.895508
5/20/2019,45.772499,283.950012,126.220001,251.86441,7978.309082
5/21/2019,46.650002,286.51001,126.900002,255.215881,7963.327637
5/22/2019,45.695,285.630005,127.669998,244.698914,7680.066406
5/23/2019,44.915001,282.140015,126.18,245.965668,7881.84668
5/24/2019,44.7425,282.779999,126.239998,249.484985,7987.371582
5/28/2019,44.557499,280.149994,126.160004,271.768707,8719.961914
5/29/2019,44.345001,278.269989,124.940002,269.455688,8659.487305
5/30/2019,44.575001,279.029999,125.730003,255.858948,8319.472656
5/31/2019,43.767502,275.269989,123.68,268.113556,8574.501953
6/3/2019,43.325001,274.570007,119.839996,252.607925,8208.995117
6/4/2019,44.91,280.529999,123.160004,241.338791,7707.770996
6/5/2019,45.634998,282.959991,125.830002,247.05101,7824.231445
6/6/2019,46.305,284.799988,127.82,249.474335,7822.023438
6/7/2019,47.537498,287.649994,131.399994,250.930359,8043.951172
6/10/2019,48.145,288.970001,132.600006,247.520126,8000.32959
6/11/2019,48.702499,288.899994,132.100006,245.78183,7927.714355
6/12/2019,48.547501,288.390015,131.490005,260.90329,8145.857422
6/13/2019,48.537498,289.579987,132.320007,256.168793,8230.923828
6/14/2019,48.185001,289.26001,132.449997,264.087463,8693.833008
6/17/2019,48.4725,289.369995,132.850006,274.351105,9320.352539
6/18/2019,49.612499,292.399994,135.160004,265.051849,9081.762695
6/19/2019,49.467499,293.059998,135.690002,269.431793,9273.521484
6/20/2019,49.865002,295.859985,136.949997,271.695007,9527.160156
6/21/2019,49.695,294,136.970001,294.910278,10144.55664
6/24/2019,49.645,293.640015,137.779999,310.424683,11011.10254
6/25/2019,48.892502,290.76001,133.429993,318.126312,11790.91699
6/26/2019,49.950001,290.470001,133.929993,336.753174,13016.23145
6/27/2019,49.935001,291.5,134.149994,294.267639,11182.80664
6/28/2019,49.48,293,133.960007,311.226105,12407.33203
7/1/2019,50.387501,295.660004,135.679993,293.641113,10583.13477
7/2/2019,50.682499,296.429993,136.580002,291.596436,10801.67773
7/3/2019,51.102501,298.799988,137.460007,303.099976,11961.26953
7/5/2019,51.057499,298.459991,137.059998,287.997528,10978.45996
7/8/2019,50.005001,296.820007,136.960007,313.251404,12285.95801
7/9/2019,50.310001,297.190002,136.460007,308.881012,12573.8125
7/10/2019,50.807499,298.609985,137.850006,290.002319,12156.5127
7/11/2019,50.4375,299.309998,138.399994,268.704041,11358.66211
7/12/2019,50.825001,300.649994,138.899994,276.276703,11815.98633
7/15/2019,51.302502,300.75,138.899994,229.776001,10895.08984
7/16/2019,51.125,299.779999,137.080002,199.188675,9477.641602
7/17/2019,50.837502,297.73999,136.270004,211.48497,9693.802734
7/18/2019,51.415001,298.829987,136.419998,226.566162,10666.48242
7/19/2019,50.647499,297.170013,136.619995,221.33342,10530.73242
7/22/2019,51.805,297.899994,138.429993,217.560013,10343.10645
7/23/2019,52.209999,300.029999,139.289993,212.728516,9900.767578
7/24/2019,52.1675,301.440002,140.720001,217.046371,9811.925781
7/25/2019,51.755001,300,140.190002,219.617996,9911.841797
7/26/2019,51.935001,302.01001,141.339996,219.629608,9870.303711
7/29/2019,52.419998,301.459991,141.029999,211.268051,9519.145508
7/30/2019,52.195,300.720001,140.350006,210.522598,9607.423828
7/31/2019,53.259998,297.429993,136.270004,218.654144,10085.62793
8/1/2019,52.107498,294.839996,138.059998,217.808441,10399.66895
8/2/2019,51.005001,292.619995,136.899994,217.871567,10518.17481
8/5/2019,48.334999,283.820007,132.210007,234.215027,11805.65332
8/6/2019,49.25,287.799988,134.690002,226.020645,11478.16895
8/7/2019,49.759998,287.970001,135.279999,226.391006,11941.96875
8/8/2019,50.857498,293.619995,138.889999,220.941864,11966.40723
8/9/2019,50.247501,291.619995,137.710007,210.488907,11862.93652
8/12/2019,50.119999,288.070007,135.789993,211.288071,11382.61621
8/13/2019,52.2425,292.549988,138.600006,208.709045,10895.83008
8/14/2019,50.6875,283.899994,133.979996,186.607742,10051.7041
8/15/2019,50.435001,284.649994,133.679993,188.50206,10311.5459
8/16/2019,51.625,288.850006,136.130005,185.440079,10374.33887
8/19/2019,52.587502,292.329987,138.410004,203.091934,10916.05371
8/20/2019,52.59,290.089996,137.259995,196.565414,10763.23242
8/21/2019,53.16,292.450012,138.789993,186.891632,10138.04981
8/22/2019,53.115002,292.359985,137.779999,191.332916,10131.05566
8/23/2019,50.66,284.850006,133.389999,194.706207,10407.96484
8/26/2019,51.622501,288,135.449997,188.929382,10370.82031
8/27/2019,51.040001,286.869995,135.740005,187.516663,10185.5
8/28/2019,51.3825,288.890015,135.559998,173.889969,9754.422852
8/29/2019,52.252499,292.579987,138.119995,169.516739,9510.200195
8/30/2019,52.185001,292.450012,137.860001,168.834869,9598.173828
9/3/2019,51.424999,290.73999,136.039993,179.499329,10623.54004
9/4/2019,52.297501,294.040009,137.630005,175.992889,10594.49316
9/5/2019,53.32,297.820007,140.050003,174.217133,10575.5332
9/6/2019,53.314999,298.049988,139.100006,169.956177,10353.30273
9/9/2019,53.5425,298.200012,137.520004,181.14946,10334.97461
9/10/2019,54.174999,298.130005,136.080002,179.78717,10115.97559
9/11/2019,55.897499,300.25,136.119995,178.725494,10178.37207
9/12/2019,55.772499,301.290009,137.520004,181.016098,10410.12695
9/13/2019,54.6875,301.089996,137.320007,181.109726,10360.54688
9/16/2019,54.974998,300.160004,136.330002,197.113174,10276.79395
9/17/2019,55.174999,300.920013,137.389999,208.608749,10241.27246
9/18/2019,55.692501,301.100006,138.520004,211.393036,10198.24805
9/19/2019,55.240002,301.079987,141.070007,221.280853,10266.41504
9/20/2019,54.432499,298.279999,139.440002,218.050049,10181.6416
9/23/2019,54.68,298.209991,139.139999,201.92131,9729.324219
9/24/2019,54.419998,295.869995,137.380005,168.110733,8620.566406
9/25/2019,55.2575,297.619995,139.360001,170.8927,8486.993164
9/26/2019,54.9725,297,139.539993,166.727127,8118.967773
9/27/2019,54.705002,295.399994,137.729996,174.710999,8251.845703
9/30/2019,55.9925,296.769989,139.029999,179.872208,8293.868164
10/1/2019,56.147499,293.23999,137.070007,177.340424,8343.276367
10/2/2019,54.740002,288.059998,134.649994,180.71051,8393.041992
10/3/2019,55.205002,290.420013,136.279999,175.199341,8259.992188
10/4/2019,56.752499,294.350006,138.119995,176.985001,8205.939453
10/7/2019,56.764999,293.079987,137.119995,181.18634,8245.623047
10/8/2019,56.099998,288.529999,135.669998,182.021561,8228.783203
10/9/2019,56.7575,291.269989,138.240005,193.293259,8595.740234
10/10/2019,57.522499,293.23999,139.100006,191.659668,8586.473633
10/11/2019,59.052502,296.279999,139.679993,182.569687,8321.756836
10/14/2019,58.967499,295.950012,139.550003,186.960907,8374.686523
10/15/2019,58.830002,298.880005,141.570007,181.406067,8205.369141
10/16/2019,58.592499,298.399994,140.410004,176.013504,8047.526855
10/17/2019,58.82,299.279999,139.690002,178.028351,8103.911133
10/18/2019,59.102501,297.970001,137.410004,173.621338,7973.20752
10/21/2019,60.127499,299.98999,138.429993,174.92099,8243.720703
10/22/2019,59.990002,299.01001,136.369995,172.300858,8078.203125
10/23/2019,60.794998,299.880005,137.240005,162.402786,7514.671875
10/24/2019,60.895,300.369995,139.940002,162.168549,7493.48877
10/25/2019,61.645,301.600006,140.729996,181.523209,8660.700195
10/28/2019,62.262501,303.299988,144.190002,182.662811,9256.148438
10/29/2019,60.822498,303.209991,142.830002,190.342575,9427.6875
10/30/2019,60.814999,304.140015,144.610001,184.692169,9205.726563
10/31/2019,62.189999,303.329987,143.369995,183.966919,9199.584961
11/1/2019,63.955002,306.140015,143.720001,183.969894,9261.104492
11/4/2019,64.375,307.369995,144.550003,186.355194,9412.612305
11/5/2019,64.282501,307.029999,144.460007,189.304169,9342.527344
11/6/2019,64.309998,307.100006,144.059998,191.593842,9360.879883
11/7/2019,64.857498,308.179993,144.259995,187.976547,9267.561523
11/8/2019,65.035004,308.940002,145.960007,184.211472,8804.880859
11/11/2019,65.550003,308.350006,146.110001,185.489639,8757.788086
11/12/2019,65.489998,309,147.070007,186.843414,8815.662109
11/13/2019,66.1175,309.100006,147.309998,188.258743,8808.262695
11/14/2019,65.660004,309.549988,148.059998,185.999634,8708.094727
11/15/2019,66.440002,311.790009,149.970001,180.521179,8491.992188
11/18/2019,66.775002,312.019989,150.339996,180.559601,8309.286133
11/19/2019,66.572502,311.929993,150.389999,177.455551,8206.145508
11/20/2019,65.797501,310.769989,149.619995,175.698349,8027.268066
11/21/2019,65.502502,310.269989,149.479996,161.462723,7642.75
11/22/2019,65.445,310.959991,149.589996,150.268173,7296.577637
11/25/2019,66.592499,313.369995,151.229996,146.476532,7146.133789
11/26/2019,66.072502,314.079987,152.029999,148.965073,7218.371094
11/27/2019,66.959999,315.480011,152.320007,153.010559,7531.663574
11/29/2019,66.8125,314.309998,151.380005,155.304153,7761.243652
12/2/2019,66.040001,311.640015,149.550003,149.059158,7321.988281
12/3/2019,64.862503,309.549988,149.309998,147.956421,7320.145508
12/4/2019,65.434998,311.459991,149.850006,146.747742,7252.034668
12/5/2019,66.394997,312.019989,149.929993,149.248993,7448.307617
12/6/2019,67.677498,314.869995,151.75,149.194443,7546.996582
12/9/2019,66.730003,313.880005,151.360001,148.225174,7400.899414
12/10/2019,67.120003,313.529999,151.130005,146.267044,7278.119629
12/11/2019,67.692497,314.420013,151.699997,143.608002,7217.427246
12/12/2019,67.864998,317.130005,153.240005,145.604004,7243.134277
12/13/2019,68.787498,317.320007,154.529999,144.944748,7269.68457
12/16/2019,69.964996,319.5,155.529999,133.614029,6932.480469
12/17/2019,70.102501,319.570007,154.690002,122.603889,6640.515137
12/18/2019,69.934998,319.589996,154.369995,133.092194,7276.802734
12/19/2019,70.004997,320.899994,155.710007,129.321136,7202.844238
12/20/2019,69.860001,320.730011,157.410004,129.066055,7218.816406
12/23/2019,71,321.220001,157.410004,128.61409,7355.628418
12/24/2019,71.067497,321.230011,157.380005,129.063889,7322.532227
12/26/2019,72.477501,322.940002,158.669998,126.361221,7238.966797
12/27/2019,72.449997,322.859985,158.960007,127.214607,7290.088379
12/30/2019,72.879997,321.079987,157.589996,132.633484,7292.995117
12/31/2019,73.412498,321.859985,157.699997,129.610855,7193.599121
1/2/2020,75.087502,324.869995,160.619995,127.410179,6985.470215
1/3/2020,74.357498,322.410004,158.619995,134.171707,7344.884277
1/6/2020,74.949997,323.640015,159.029999,144.304153,7769.219238
1/7/2020,74.597504,322.730011,157.580002,143.543991,8163.692383
1/8/2020,75.797501,324.450012,160.089996,141.258133,8079.862793
1/9/2020,77.407501,326.649994,162.089996,138.979202,7879.071289
1/10/2020,77.582497,325.709991,161.339996,143.963776,8166.554199
1/13/2020,79.239998,327.950012,163.279999,144.226593,8144.194336
1/14/2020,78.169998,327.450012,162.130005,165.955353,8827.764648
1/15/2020,77.834999,328.190002,163.179993,166.230682,8807.010742
1/16/2020,78.809998,330.920013,166.169998,164.391006,8723.786133
1/17/2020,79.682503,331.950012,167.100006,170.779953,8929.038086
1/21/2020,79.142502,331.299988,166.5,169.697159,8745.894531
1/22/2020,79.425003,331.339996,165.699997,168.294159,8680.875977
1/23/2020,79.807503,331.720001,166.720001,162.928558,8406.515625
1/24/2020,79.577499,328.769989,165.039993,163.051178,8445.43457
1/27/2020,77.237503,323.5,162.279999,170.930893,8909.819336
1/28/2020,79.422501,326.890015,165.460007,176.370316,9358.589844
1/29/2020,81.084999,326.619995,168.039993,175.050339,9316.629883
1/30/2020,80.967499,327.679993,172.779999,184.690475,9508.993164
1/31/2020,77.377502,321.730011,170.229996,180.160172,9350.529297
2/3/2020,77.165001,324.119995,174.380005,189.865067,9293.521484
2/4/2020,79.712502,329.059998,180.119995,189.250595,9180.962891
2/5/2020,80.362503,332.859985,179.899994,204.23024,9613.423828
2/6/2020,81.302498,333.980011,183.630005,212.339081,9729.801758
2/7/2020,80.0075,332.200012,183.889999,222.726059,9795.943359
2/10/2020,80.387497,334.679993,188.699997,223.522705,9856.611328
2/11/2020,79.902496,335.26001,184.440002,235.851196,10208.23633
2/12/2020,81.800003,337.420013,184.710007,265.406128,10326.05469
2/13/2020,81.217499,337.059998,183.710007,268.099243,10214.37988
2/14/2020,81.237503,337.600006,185.350006,284.217499,10312.11621
2/18/2020,79.75,336.730011,187.229996,281.94458,10141.99609
2/19/2020,80.904999,338.339996,187.279999,259.763977,9633.386719
2/20/2020,80.074997,336.950012,184.419998,257.949463,9608.475586
2/21/2020,78.262497,333.480011,178.589996,265.600616,9686.441406
2/24/2020,74.544998,322.420013,170.889999,265.216431,9650.174805
2/25/2020,72.019997,312.649994,168.070007,247.817596,9341.705078
2/26/2020,73.162498,311.5,170.169998,225.680267,8820.522461
2/27/2020,68.379997,297.51001,158.179993,226.753387,8784.494141
2/28/2020,68.339996,296.26001,162.009995,226.760498,8672.455078
3/2/2020,74.702499,309.089996,172.789993,230.569778,8869.669922
3/3/2020,72.330002,300.23999,164.509995,224.47963,8787.786133
3/4/2020,75.684998,312.859985,170.550003,224.517975,8755.246094
3/5/2020,73.230003,302.459991,166.270004,229.268188,9078.762695
3/6/2020,72.2575,297.459991,161.570007,243.525299,9122.545898
3/9/2020,66.542503,274.230011,150.619995,201.986328,7923.644531
3/10/2020,71.334999,288.420013,160.919998,200.767242,7909.729492
3/11/2020,68.857498,274.359985,153.630005,194.86853,7911.430176
3/12/2020,62.057499,248.110001,139.059998,112.347122,4970.788086
3/13/2020,69.4925,269.320007,158.830002,133.201813,5563.707031
3/16/2020,60.552502,239.850006,135.419998,110.605873,5014.47998
3/17/2020,63.215,252.800003,146.570007,113.942749,5225.629395
3/18/2020,61.6675,240,140.399994,114.84227,5238.438477
3/19/2020,61.195,240.509995,142.710007,136.593857,6191.192871
3/20/2020,57.310001,228.800003,137.350006,132.737167,6198.77832
3/23/2020,56.092499,222.949997,135.979996,134.911606,6416.314941
3/24/2020,61.720001,243.149994,148.339996,138.761444,6734.803711
3/25/2020,61.380001,246.789993,146.919998,136.195892,6681.062988
3/26/2020,64.610001,261.200012,156.110001,138.361557,6716.44043
3/27/2020,61.935001,253.419998,149.699997,133.937943,6469.79834
3/30/2020,63.702499,261.649994,160.229996,132.904541,6429.841797
3/31/2020,63.572498,257.75,157.710007,133.593567,6438.644531
4/1/2020,60.227501,246.149994,152.110001,135.634552,6606.776367
4/2/2020,61.232498,251.830002,155.259995,142.029144,6793.624512
4/3/2020,60.352501,248.190002,153.830002,142.091309,6733.387207
4/6/2020,65.6175,264.859985,165.270004,169.13588,7271.78125
4/7/2020,64.857498,265.130005,163.490005,165.101944,7176.414551
4/8/2020,66.517502,274.029999,165.130005,172.641739,7334.098633
4/9/2020,66.997498,278.200012,165.139999,170.807144,7302.089355
4/13/2020,68.3125,275.660004,165.509995,156.279556,6845.037598
4/14/2020,71.762497,283.790009,173.699997,157.59639,6842.427734
4/15/2020,71.107498,277.76001,171.880005,153.286896,6642.109863
4/16/2020,71.672501,279.100006,177.039993,172.157379,7116.804199
4/17/2020,70.699997,286.640015,178.600006,171.63858,7096.18457
4/20/2020,69.232498,281.589996,175.059998,172.297165,6881.958496
4/21/2020,67.092499,273.040009,167.820007,172.737701,6880.323242
4/22/2020,69.025002,279.100006,173.520004,182.599579,7117.20752
4/23/2020,68.7575,279.079987,171.419998,185.028671,7429.724609
4/24/2020,70.7425,282.970001,174.550003,189.236938,7550.900879
4/27/2020,70.792503,287.049988,174.050003,197.224716,7795.601074
4/28/2020,69.644997,285.730011,169.809998,198.41539,7807.058594
4/29/2020,71.932503,293.209991,177.429993,216.968231,8801.038086
4/30/2020,73.449997,290.480011,179.210007,207.602051,8658.553711
5/1/2020,72.267502,282.790009,174.570007,214.219101,8864.766602
5/4/2020,73.290001,283.570007,178.839996,208.174011,8912.654297
5/5/2020,74.389999,286.190002,180.759995,206.774399,9003.070313
5/6/2020,75.157501,284.25,182.539993,204.055786,9268.761719
5/7/2020,75.934998,287.679993,183.600006,212.289413,9951.518555
5/8/2020,77.532501,292.440002,184.679993,212.991577,9842.666016
5/11/2020,78.752502,292.5,186.740005,185.912842,8601.795898
5/12/2020,77.852501,286.670013,182.509995,189.3125,8804.477539
5/13/2020,76.912498,281.600006,179.75,199.193283,9269.987305
5/14/2020,77.385002,284.970001,180.529999,202.949097,9733.72168
5/15/2020,76.927498,286.279999,183.160004,195.622665,9328.197266
5/18/2020,78.739998,295,184.910004,214.525055,9726.575195
5/19/2020,78.285004,291.970001,183.630005,213.451111,9729.038086
5/20/2020,79.807503,296.929993,185.660004,210.096741,9522.981445
5/21/2020,79.212502,294.880005,183.429993,199.883606,9081.761719
5/22/2020,79.722504,295.440002,183.509995,207.169189,9182.577148
5/26/2020,79.182503,299.079987,181.570007,201.902313,8835.052734
5/27/2020,79.527496,303.529999,181.809998,208.863434,9181.017578
5/28/2020,79.5625,302.970001,181.399994,219.840424,9525.750977
5/29/2020,79.485001,304.320007,183.25,220.675125,9439.124023
6/1/2020,80.462502,305.549988,182.830002,246.99176,10167.26856
6/2/2020,80.834999,308.079987,184.910004,237.219055,9529.803711
6/3/2020,81.279999,312.179993,185.360001,244.179321,9656.717773
6/4/2020,80.580002,311.359985,182.919998,244.426392,9800.636719
6/5/2020,82.875,319.339996,187.199997,241.221985,9665.533203
6/8/2020,83.364998,323.200012,188.360001,246.309906,9771.489258
6/9/2020,85.997498,320.790009,189.800003,244.911453,9795.700195
6/10/2020,88.209999,319,196.839996,247.444946,9870.094727
6/11/2020,83.974998,300.609985,186.270004,231.702667,9321.78125
6/12/2020,84.699997,304.209991,187.740005,237.49321,9480.84375
6/15/2020,85.747498,307.049988,188.940002,229.928909,9450.702148
6/16/2020,88.019997,312.959991,193.570007,234.416168,9538.024414
6/17/2020,87.897499,311.660004,194.240005,233.028275,9480.254883
6/18/2020,87.932503,311.779999,196.320007,232.101166,9411.84082
6/19/2020,87.43,308.640015,195.149994,227.13829,9288.018555
6/22/2020,89.717499,310.619995,200.570007,242.533188,9648.717773
6/23/2020,91.6325,312.049988,201.910004,244.142151,9629.658203
6/24/2020,90.014999,304.089996,197.839996,235.772461,9313.610352
6/25/2020,91.209999,307.350006,200.339996,232.944489,9264.813477
6/26/2020,88.407501,300.049988,196.330002,229.668045,9162.917969
6/29/2020,90.445,304.459991,198.440002,228.19487,9190.854492
6/30/2020,91.199997,308.359985,203.509995,226.315002,9137.993164
7/1/2020,91.027496,310.519989,204.699997,231.113419,9228.325195
7/2/2020,91.027496,312.230011,206.259995,229.392197,9123.410156
7/6/2020,93.462502,317.049988,210.699997,241.510223,9375.474609
7/7/2020,93.172501,313.779999,208.25,239.075531,9252.277344
7/8/2020,95.342499,316.179993,212.830002,246.670013,9428.333008
7/9/2020,95.752502,314.380005,214.320007,243.015961,9277.967773
7/10/2020,95.919998,317.589996,213.669998,240.984985,9278.807617
7/13/2020,95.477501,314.839996,207.070007,239.604584,9243.614258
7/14/2020,97.057503,318.920013,208.350006,240.211487,9243.213867
7/15/2020,97.724998,321.850006,208.039993,238.423523,9192.836914
7/16/2020,96.522499,320.790009,203.919998,233.640884,9132.227539
7/17/2020,96.327499,321.720001,202.880005,232.773087,9151.392578
7/20/2020,98.357498,324.320007,211.600006,236.153168,9164.231445
7/21/2020,97,325.01001,208.75,245.016724,9374.887695
7/22/2020,97.272499,326.859985,211.75,262.190643,9525.363281
7/23/2020,92.845001,322.959991,202.539993,274.689056,9581.072266
7/24/2020,92.614998,320.880005,201.300003,279.215424,9536.892578
7/27/2020,94.809998,323.220001,203.850006,321.514099,10990.87305
7/28/2020,93.252502,321.170013,202.020004,316.657257,10912.82324
7/29/2020,95.040001,325.119995,204.059998,318.190887,11100.46777
7/30/2020,96.190002,323.959991,203.899994,334.586639,11111.21387
7/31/2020,106.260002,326.519989,205.009995,345.554657,11323.4668
8/3/2020,108.9375,328.790009,216.539993,386.295166,11246.34863
8/4/2020,109.665001,330.059998,213.289993,389.875488,11205.89258
8/5/2020,110.0625,332.109985,212.940002,401.590576,11747.02246
8/6/2020,113.902496,334.329987,216.350006,394.961945,11779.77344
8/7/2020,111.112503,334.570007,212.479996,379.512848,11601.47266
8/10/2020,112.727501,335.570007,208.25,395.887573,11878.11133
8/11/2020,109.375,332.799988,203.380005,380.384064,11410.52539
8/12/2020,113.010002,337.440002,209.190002,391.02417,11584.93457
8/13/2020,115.010002,336.829987,208.699997,428.741791,11784.1377
8/14/2020,114.907501,336.839996,208.899994,437.397827,11768.87109
8/17/2020,114.607498,337.910004,210.279999,429.53125,12254.40234
8/18/2020,115.5625,338.640015,211.490005,423.669312,11991.2334
8/19/2020,115.707497,337.230011,209.699997,406.463776,11758.2832
8/20/2020,118.275002,338.279999,214.580002,416.439789,11878.37207
8/21/2020,124.370003,339.480011,213.020004,389.126343,11592.48926
8/24/2020,125.857498,342.920013,213.690002,408.144196,11774.5957
8/25/2020,124.824997,344.119995,216.470001,384.001038,11366.13477
8/26/2020,126.522499,347.570007,221.149994,386.466125,11488.36328
8/27/2020,125.010002,348.329987,226.580002,382.632629,11323.39746
8/28/2020,124.807503,350.579987,228.910004,395.874664,11542.5
8/31/2020,129.039993,349.309998,225.529999,435.079742,11680.82031
9/1/2020,134.179993,352.600006,227.270004,477.05191,11970.47852
9/2/2020,131.399994,357.700012,231.649994,440.040497,11414.03418
9/3/2020,120.879997,345.390015,217.300003,385.671936,10245.29688
9/4/2020,120.959999,342.570007,214.25,388.24115,10511.81348
9/8/2020,112.82,333.209991,202.660004,337.602112,10131.5166
9/9/2020,117.32,339.790009,211.289993,351.110016,10242.34766
9/10/2020,113.489998,333.890015,205.369995,368.101898,10363.13867
9/11/2020,112,334.059998,204.029999,374.695587,10400.91504
9/14/2020,115.360001,338.459991,205.410004,377.26886,10680.83789
9/15/2020,115.540001,340.170013,208.779999,364.839203,10796.95117
9/16/2020,112.129997,338.820007,205.050003,365.812286,10974.90527
9/17/2020,110.339996,335.839996,202.910004,389.019226,10948.99023
9/18/2020,106.839996,330.649994,200.389999,384.364532,10944.58594
9/21/2020,110.080002,326.970001,202.539993,341.786072,10462.25977
9/22/2020,111.809998,330.299988,207.419998,344.503174,10538.45996
9/23/2020,107.120003,322.640015,200.589996,321.116302,10246.18652
9/24/2020,108.220001,323.5,203.190002,349.355591,10760.06641
9/25/2020,112.279999,328.730011,207.820007,352.183258,10692.7168
9/28/2020,114.959999,334.190002,209.440002,355.159424,10709.65234
9/29/2020,114.089996,332.369995,207.259995,359.757385,10844.64063
9/30/2020,115.809998,334.890015,210.330002,359.937866,10784.49121
10/1/2020,116.790001,337.040009,212.460007,353.205902,10619.45215
10/2/2020,113.019997,333.839996,206.190002,346.238922,10575.97461
10/5/2020,116.5,339.76001,210.380005,353.956787,10793.33984
10/6/2020,113.160004,334.929993,205.910004,340.815857,10604.40625
10/7/2020,115.080002,340.76001,209.830002,341.808655,10668.96875
10/8/2020,114.970001,343.779999,210.580002,350.766144,10915.68555
10/9/2020,116.970001,346.850006,215.809998,365.590485,11064.45801
10/12/2020,124.400002,352.429993,221.399994,387.731262,11555.36328
10/13/2020,121.099998,350.130005,222.860001,381.190765,11425.89941
10/14/2020,121.190002,347.929993,220.860001,379.484039,11429.50684
10/15/2020,120.709999,347.5,219.660004,377.441833,11495.34961
10/16/2020,119.019997,347.290009,219.660004,366.229004,11322.12305
10/19/2020,115.980003,342.01001,214.220001,379.935608,11742.03711
10/20/2020,117.510002,343.380005,214.649994,369.136902,11916.33496
10/21/2020,116.870003,342.730011,214.800003,392.189972,12823.68945
10/22/2020,115.75,344.609985,214.889999,413.77298,12965.8916
10/23/2020,115.040001,345.779999,216.229996,409.766693,12931.53906
10/26/2020,115.050003,339.390015,210.080002,393.888306,13075.24805
10/27/2020,116.599998,338.220001,213.25,403.99704,13654.21875
10/28/2020,111.199997,326.660004,202.679993,388.650757,13271.28516
10/29/2020,115.32,329.980011,204.720001,386.730103,13437.88281
10/30/2020,108.860001,326.540009,202.470001,382.819977,13546.52246
11/2/2020,108.769997,330.200012,202.330002,383.156738,13550.48926
11/3/2020,110.440002,336.029999,206.429993,387.602173,13950.30078
11/4/2020,114.949997,343.540009,216.389999,402.141998,14133.70703
11/5/2020,119.029999,350.23999,223.289993,414.067352,15579.84863
11/6/2020,118.690002,350.160004,223.720001,454.719299,15565.88086
11/9/2020,116.32,354.559998,218.389999,444.163055,15332.31543
11/10/2020,115.970001,354.040009,211.009995,449.679626,15290.90234
11/11/2020,119.489998,356.670013,216.550003,462.960541,15701.33984
11/12/2020,119.209999,353.209991,215.440002,461.00528,16276.34375
11/13/2020,119.260002,358.100006,216.509995,474.626434,16317.80859
11/16/2020,120.300003,362.570007,217.229996,459.940308,16716.11133
11/17/2020,119.389999,360.619995,214.460007,480.360077,17645.40625
11/18/2020,118.029999,356.279999,211.080002,479.48407,17804.00586
11/19/2020,118.639999,357.779999,212.419998,471.630432,17817.08984
11/20/2020,117.339996,355.329987,210.389999,509.744568,18621.31445
11/23/2020,113.849998,357.459991,210.110001,608.454041,18364.12109
11/24/2020,115.169998,363.220001,213.860001,603.897766,19107.46484
11/25/2020,116.029999,362.660004,213.869995,570.686646,18732.12109
11/27/2020,116.589996,363.670013,215.229996,517.493713,17108.40234
11/30/2020,119.050003,362.059998,214.070007,614.842529,19625.83594
12/1/2020,122.720001,366.019989,216.210007,587.324158,18802.99805
12/2/2020,123.080002,366.790009,215.369995,598.352356,19201.0918
12/3/2020,122.940002,366.690002,214.240005,616.70874,19445.39844
12/4/2020,122.25,369.850006,214.360001,569.354187,18699.76563
12/7/2020,123.75,369.089996,214.289993,591.843384,19191.63086
12/8/2020,124.379997,370.170013,216.009995,554.827759,18321.14453
12/9/2020,121.779999,366.850006,211.800003,573.479126,18553.91602
12/10/2020,123.239998,366.730011,210.520004,559.678528,18264.99219
12/11/2020,122.410004,366.299988,213.259995,545.797363,18058.9043
12/14/2020,121.779999,364.660004,214.199997,586.011169,19246.64453
12/15/2020,127.879997,369.589996,214.130005,589.355591,19417.07617
12/16/2020,127.809998,370.170013,219.279999,636.181824,21310.59766
12/17/2020,128.699997,372.23999,219.419998,642.868958,22805.16211
12/18/2020,126.660004,369.179993,218.589996,654.811951,23137.96094
12/21/2020,128.229996,367.859985,222.589996,609.817871,22803.08203
12/22/2020,131.880005,367.23999,223.940002,634.854187,23783.0293
12/23/2020,130.960007,367.570007,221.020004,583.7146,23241.3457
12/24/2020,131.970001,369,222.75,611.607178,23735.94922
12/28/2020,136.690002,372.170013,224.960007,730.397339,27084.80859
12/29/2020,134.869995,371.459991,224.149994,731.520142,27362.4375
12/30/2020,133.720001,371.98999,221.679993,751.618958,28840.95313
12/31/2020,132.690002,373.880005,222.419998,737.803406,29001.7207
1/4/2021,129.410004,368.790009,217.690002,1040.233032,31971.91406
1/5/2021,131.009995,371.329987,217.899994,1100.006104,33992.42969
1/6/2021,126.599998,373.549988,212.25,1207.112183,36824.36328
1/7/2021,130.919998,379.100006,218.289993,1225.678101,39371.04297
1/8/2021,132.050003,381.26001,219.619995,1224.197144,40797.60938
1/11/2021,128.979996,378.690002,217.490005,1090.145386,35566.65625
1/12/2021,128.800003,378.769989,214.929993,1043.43457,33922.96094
1/13/2021,130.889999,379.790009,216.339996,1130.73938,37316.35938
1/14/2021,128.910004,378.459991,213.020004,1218.453003,39187.32813
1/15/2021,127.139999,375.700012,212.649994,1171.834595,36825.36719
1/19/2021,127.830002,378.649994,216.440002,1377.295898,36069.80469
1/20/2021,132.029999,383.890015,224.339996,1382.274048,35547.75
1/21/2021,136.869995,384.23999,224.970001,1121.570923,30825.69922
1/22/2021,139.070007,382.880005,225.949997,1236.512207,33005.76172
1/25/2021,142.919998,384.390015,229.529999,1324.414795,32366.39258
1/26/2021,143.160004,383.790009,232.330002,1357.058105,32569.84961
1/27/2021,142.059998,374.410004,232.899994,1253.187134,30432.54688
1/28/2021,137.089996,377.630005,238.929993,1332.492188,33466.09766
1/29/2021,131.960007,370.070007,231.960007,1382.522827,34316.38672
2/1/2021,134.139999,376.230011,239.649994,1369.040527,33537.17578
2/2/2021,134.990005,381.549988,239.509995,1515.193726,35510.28906
2/3/2021,133.940002,381.850006,243,1660.909546,37472.08984
2/4/2021,137.389999,386.190002,242.009995,1594.762695,36926.06641
2/5/2021,136.759995,387.709991,242.199997,1718.650879,38144.30859
2/8/2021,136.910004,390.51001,242.470001,1746.616821,46196.46484
2/9/2021,136.009995,390.25,243.770004,1768.035034,46481.10547
2/10/2021,135.389999,390.079987,242.820007,1744.243408,44918.18359
2/11/2021,135.130005,390.709991,244.490005,1783.797974,47909.33203
2/12/2021,135.369995,392.640015,244.990005,1843.532593,47504.85156
2/16/2021,133.190002,392.299988,243.699997,1781.067505,49199.87109
2/17/2021,130.839996,392.390015,244.199997,1848.458252,52149.00781
2/18/2021,129.710007,390.720001,243.789993,1937.449219,51679.79688
2/19/2021,129.869995,390.029999,240.970001,1960.164795,55888.13281
2/22/2021,126,387.029999,234.509995,1781.99292,54207.32031
2/23/2021,125.860001,387.5,233.270004,1570.203979,48824.42578
2/24/2021,125.349998,391.769989,234.550003,1626.575684,49705.33203
2/25/2021,120.989998,382.329987,228.990005,1475.703735,47093.85156
2/26/2021,121.260002,380.359985,232.380005,1446.033691,46339.76172
3/1/2021,127.790001,389.579987,236.940002,1564.707642,49631.24219
3/2/2021,125.120003,386.540009,233.869995,1492.608765,48378.98828
3/3/2021,122.059998,381.420013,227.559998,1575.853149,50538.24219
3/4/2021,120.129997,376.700012,226.729996,1541.914307,48561.16797
3/5/2021,121.419998,383.630005,231.600006,1533.275024,48927.30469
3/8/2021,116.360001,381.720001,227.389999,1834.727905,52246.52344
3/9/2021,121.089996,387.170013,233.779999,1868.048828,54824.11719
3/10/2021,119.980003,389.579987,232.419998,1799.16626,56008.55078
3/11/2021,121.959999,393.529999,237.130005,1826.194946,57805.12109
3/12/2021,121.029999,394.059998,235.75,1772.102417,57332.08984
3/15/2021,123.989998,396.410004,234.809998,1791.702271,55907.19922
3/16/2021,125.57,395.910004,237.710007,1806.971802,56804.90234
3/17/2021,124.760002,397.26001,237.039993,1823.449341,58870.89453
3/18/2021,120.529999,391.480011,230.720001,1782.855103,57858.92188
3/19/2021,119.989998,389.480011,230.350006,1817.624146,58346.65234
3/22/2021,123.389999,392.589996,235.990005,1691.333984,54529.14453
3/23/2021,122.540001,389.5,237.580002,1678.650146,54738.94531
3/24/2021,120.089996,387.519989,235.460007,1593.413452,52774.26563
3/25/2021,120.589996,389.700012,232.339996,1595.359253,51704.16016
3/26/2021,121.209999,395.980011,236.479996,1702.842041,55137.3125
3/29/2021,121.389999,395.779999,235.240005,1819.684937,57750.19922
3/30/2021,119.900002,394.730011,231.850006,1846.033691,58917.69141
3/31/2021,122.150002,396.329987,235.770004,1918.362061,58918.83203
4/1/2021,123,400.609985,242.350006,1977.276855,59095.80859
4/5/2021,125.900002,406.359985,249.070007,2107.887207,59057.87891
4/6/2021,126.209999,406.119995,247.860001,2118.378906,58192.35938
4/7/2021,127.900002,406.589996,249.899994,1971.077271,56048.9375
4/8/2021,130.360001,408.519989,253.25,2088.57373,58323.95313
4/9/2021,133,411.48999,255.850006,2072.108887,58245.00391
4/12/2021,131.240005,411.640015,255.910004,2139.353271,59893.45313
4/13/2021,134.429993,412.859985,258.48999,2299.187744,63503.45703
4/14/2021,132.029999,411.450012,255.589996,2435.10498,63109.69531
4/15/2021,134.5,415.869995,259.5,2519.116211,63314.01172
4/16/2021,134.160004,417.26001,260.73999,2431.946533,61572.78906
4/19/2021,134.839996,415.209991,258.73999,2166.188721,55724.26563
4/20/2021,133.110001,412.170013,258.26001,2330.210938,56473.03125
4/21/2021,133.5,416.070007,260.579987,2364.751709,53906.08984
4/22/2021,131.940002,412.269989,257.170013,2403.535156,51762.27344
4/23/2021,134.320007,416.73999,261.149994,2363.586182,51093.65234
4/26/2021,134.720001,417.609985,261.549988,2534.481689,54021.75391
4/27/2021,134.389999,417.519989,261.970001,2662.865234,55033.11719
4/28/2021,133.580002,417.399994,254.559998,2746.380127,54824.70313
4/29/2021,133.479996,420.059998,252.509995,2756.876953,53555.10938
4/30/2021,131.460007,417.299988,252.179993,2773.207031,57750.17578
5/3/2021,132.539993,418.200012,251.860001,3431.086182,57200.29297
5/4/2021,127.849998,415.619995,247.789993,3253.629395,53333.53906
5/5/2021,128.100006,415.75,246.470001,3522.783203,57424.00781
5/6/2021,129.740005,419.070007,249.729996,3490.880371,56396.51563
5/7/2021,130.210007,422.119995,252.460007,3484.729004,57356.40234
5/10/2021,126.849998,417.940002,247.179993,3952.293945,55859.79688
5/11/2021,125.910004,414.209991,246.229996,4168.701172,56704.57422
5/12/2021,122.769997,405.410004,239,3785.848633,49150.53516
5/13/2021,124.970001,410.279999,243.029999,3715.148438,49716.19141
5/14/2021,127.449997,416.579987,248.149994,4079.057373,49880.53516
5/17/2021,126.269997,415.519989,245.179993,3282.397705,43537.51172
5/18/2021,124.849998,411.940002,243.080002,3380.070068,42909.40234
5/19/2021,124.690002,410.859985,243.119995,2460.679199,37002.44141
5/20/2021,127.309998,415.279999,246.479996,2784.294189,40782.73828
5/21/2021,125.43,414.940002,245.169998,2430.621338,37304.69141
5/24/2021,127.099998,419.170013,250.779999,2643.591064,38705.98047
5/25/2021,126.900002,418.23999,251.720001,2706.628906,38402.22266
5/26/2021,126.849998,419.070007,251.490005,2888.69873,39294.19922
5/27/2021,125.279999,419.290009,249.309998,2736.488525,38436.96875
5/28/2021,124.610001,420.040009,249.679993,2419.90625,35697.60547
6/1/2021,124.279999,419.670013,247.399994,2633.518311,36684.92578
6/2/2021,125.059998,420.329987,247.300003,2706.125,37575.17969
6/3/2021,123.540001,418.769989,245.710007,2855.126465,39208.76563
6/4/2021,125.889999,422.600006,250.789993,2688.195068,36894.40625
6/7/2021,125.900002,422.190002,253.809998,2590.263184,33560.70703
6/8/2021,126.739998,422.279999,252.570007,2517.438721,33472.63281
6/9/2021,127.129997,421.649994,253.589996,2608.26709,37345.12109
6/10/2021,126.110001,423.609985,257.23999,2471.518555,36702.59766
6/11/2021,127.349998,424.309998,257.890015,2353.768799,37334.39844
6/14/2021,130.479996,425.26001,259.890015,2537.891113,40218.47656
6/15/2021,129.639999,424.480011,258.359985,2610.936768,40406.26953
6/16/2021,130.149994,422.109985,257.380005,2367.663574,38347.0625
6/17/2021,131.789993,421.970001,260.899994,2372.001953,38053.50391
6/18/2021,130.460007,414.920013,259.429993,2231.733154,35787.24609
6/21/2021,132.300003,420.859985,262.630005,1888.44751,31676.69336
6/22/2021,133.979996,423.109985,265.51001,1874.950073,32505.66016
6/23/2021,133.699997,422.600006,265.269989,1989.736328,33723.02734
6/24/2021,133.410004,425.100006,266.690002,1988.456299,34662.4375
6/25/2021,133.110001,426.609985,265.019989,1813.217285,31637.7793
6/28/2021,134.779999,427.470001,268.720001,2079.657471,34434.33594
6/29/2021,136.330002,427.700012,271.399994,2160.768311,35867.77734
6/30/2021,136.960007,428.059998,270.899994,2274.547607,35040.83594
7/1/2021,137.270004,430.429993,271.600006,2113.605469,33572.11719
7/2/2021,139.960007,433.720001,277.649994,2150.040283,33897.04688
7/6/2021,142.020004,432.929993,277.660004,2324.679443,34235.19531
7/7/2021,144.570007,434.459991,279.929993,2315.161865,33855.32813
7/8/2021,143.240005,430.920013,277.420013,2120.026367,32877.37109
7/9/2021,145.110001,435.519989,277.940002,2146.692383,33798.01172
7/12/2021,144.5,437.079987,277.320007,2036.721069,33155.84766
7/13/2021,145.639999,435.589996,280.980011,1940.083984,32702.02539
7/14/2021,149.149994,436.23999,282.51001,1994.331299,32822.34766
7/15/2021,148.479996,434.75,281.029999,1911.175659,31780.73047
7/16/2021,146.389999,431.339996,280.75,1880.382935,31421.53906
7/19/2021,142.449997,424.970001,277.01001,1817.296631,30817.83203
7/20/2021,146.149994,431.059998,279.320007,1787.510742,29807.34766
7/21/2021,145.399994,434.549988,281.399994,1990.970825,32110.69336
7/22/2021,146.800003,435.459991,286.140015,2025.202759,32313.10547
7/23/2021,148.559998,439.940002,289.670013,2124.776611,33581.55078
7/26/2021,148.990005,441.019989,289.049988,2233.366699,37337.53516
7/27/2021,146.770004,439.01001,286.540009,2298.333496,39406.94141
7/28/2021,144.979996,438.829987,286.220001,2296.54541,39995.90625
7/29/2021,145.639999,440.649994,286.5,2380.956787,40008.42188
7/30/2021,145.860001,438.51001,284.910004,2466.961426,42235.54688
8/2/2021,145.520004,437.589996,284.820007,2610.15332,39201.94531
8/3/2021,147.360001,441.149994,287.119995,2502.349609,38152.98047
8/4/2021,146.949997,438.980011,286.51001,2724.619873,39747.50391
8/5/2021,147.059998,441.76001,289.519989,2827.328857,40869.55469
8/6/2021,146.139999,442.48999,289.459991,2890.94165,42816.5
8/9/2021,146.089996,442.130005,288.329987,3167.856201,46365.40234
8/10/2021,145.600006,442.679993,286.440002,3141.691162,45585.03125
8/11/2021,145.860001,443.779999,286.950012,3164.245117,45593.63672
8/12/2021,148.889999,445.109985,289.809998,3043.414307,44428.28906
8/13/2021,149.100006,445.920013,292.850006,3322.21167,47793.32031
8/16/2021,151.119995,446.970001,294.600006,3156.509521,46004.48438
8/17/2021,150.190002,444.040009,293.079987,3014.845947,44695.35938
8/18/2021,146.360001,439.179993,290.730011,3020.089844,44801.1875
8/19/2021,146.699997,439.859985,296.769989,3182.702148,46717.57813
8/20/2021,148.190002,443.359985,304.359985,3286.935303,49339.17578
8/23/2021,149.710007,447.26001,304.649994,3319.257324,49546.14844
8/24/2021,149.619995,447.970001,302.619995,3172.456299,47706.11719
8/25/2021,148.360001,448.910004,302.01001,3224.915283,48960.78906
8/26/2021,147.539993,446.26001,299.089996,3100.325439,46942.21875
8/27/2021,148.600006,450.25,299.720001,3270.60083,49058.66797
8/30/2021,153.119995,452.230011,303.589996,3224.374268,47054.98438
8/31/2021,151.830002,451.559998,301.880005,3433.732666,47166.6875
9/1/2021,152.509995,451.799988,301.829987,3834.828125,48847.02734
9/2/2021,153.649994,453.190002,301.149994,3790.98999,49327.72266
9/3/2021,154.300003,453.079987,301.140015,3940.614746,50025.375
9/7/2021,156.690002,451.459991,300.179993,3426.394287,46811.12891
9/8/2021,155.110001,450.910004,300.209991,3497.315186,46091.39063
9/9/2021,154.070007,448.980011,297.25,3427.340088,46391.42188
9/10/2021,148.970001,445.440002,295.709991,3211.505859,44883.91016
9/13/2021,149.550003,446.579987,296.98999,3285.511719,44963.07422
9/14/2021,148.119995,444.170013,299.790009,3429.169678,47092.49219
9/15/2021,149.029999,447.880005,304.820007,3615.282715,48176.34766
9/16/2021,148.789993,447.170013,305.220001,3571.294922,47783.35938
9/17/2021,146.059998,441.399994,299.869995,3398.538818,47267.51953
9/20/2021,142.940002,434.040009,294.299988,2958.993408,42843.80078
9/21/2021,143.429993,433.630005,294.799988,2764.431152,40693.67578
9/22/2021,145.850006,437.859985,298.579987,3077.86792,43574.50781
9/23/2021,146.830002,443.179993,299.559998,3155.523682,44895.09766
9/24/2021,146.919998,443.910004,299.350006,2931.669189,42839.75
9/27/2021,145.369995,442.640015,294.170013,2934.138916,42235.73047
9/28/2021,141.910004,433.720001,283.519989,2807.296631,41034.54297
9/29/2021,142.830002,434.450012,284,2853.143311,41564.36328
9/30/2021,141.5,429.140015,281.920013,3001.678955,43790.89453
10/1/2021,142.649994,434.23999,289.100006,3307.516113,48116.94141
10/4/2021,139.139999,428.640015,283.109985,3380.089111,49112.90234
10/5/2021,141.110001,433.100006,288.76001,3518.518555,51514.8125
10/6/2021,142,434.899994,293.109985,3580.562012,55361.44922
10/7/2021,143.289993,438.660004,294.850006,3587.974854,53805.98438
10/8/2021,142.899994,437.859985,294.850006,3563.759277,53967.84766
10/11/2021,142.809998,434.690002,294.230011,3545.354004,57484.78906
10/12/2021,141.509995,433.619995,292.880005,3492.573242,56041.05859
10/13/2021,140.910004,435.179993,296.309998,3606.20166,57401.09766
10/14/2021,143.759995,442.5,302.75,3786.01416,57321.52344
10/15/2021,144.839996,445.869995,304.209991,3862.634766,61593.94922
10/18/2021,146.550003,447.190002,307.290009,3748.760254,62026.07813
10/19/2021,148.759995,450.640015,308.230011,3877.650879,64261.99219
10/20/2021,149.259995,452.410004,307.410004,4155.992188,65992.83594
10/21/2021,149.479996,453.589996,310.76001,4054.322754,62210.17188
10/22/2021,148.690002,453.119995,309.160004,3970.181885,60692.26563
10/25/2021,148.639999,455.549988,308.130005,4217.876953,63039.82422
10/26/2021,149.320007,455.959991,310.109985,4131.102051,60363.79297
10/27/2021,148.850006,453.940002,323.170013,3930.257324,58482.38672
10/28/2021,152.570007,458.320007,324.350006,4287.318848,60622.13672
10/29/2021,149.800003,459.25,331.619995,4414.746582,62227.96484
11/1/2021,148.960007,460.040009,329.369995,4324.626953,61004.40625
11/2/2021,150.020004,461.899994,333.130005,4584.798828,63226.40234
11/3/2021,151.490005,464.720001,334,4607.193848,62970.04688
11/4/2021,150.960007,466.910004,336.440002,4537.324219,61452.23047
11/5/2021,151.279999,468.529999,336.059998,4486.243164,61125.67578
11/8/2021,150.440002,468.929993,336.98999,4812.087402,67566.82813
11/9/2021,150.809998,467.380005,335.950012,4735.068848,66971.82813
11/10/2021,147.919998,463.619995,330.799988,4636.174316,64995.23047
11/11/2021,147.869995,463.769989,332.429993,4730.384277,64949.96094
11/12/2021,149.990005,467.269989,336.720001,4667.115234,64155.94141
11/15/2021,150,467.429993,336.070007,4557.503906,63557.87109
11/16/2021,151,469.279999,339.51001,4216.365234,60161.24609
11/17/2021,153.490005,468.140015,339.119995,4287.59375,60368.01172
11/18/2021,157.869995,469.730011,341.269989,4000.650879,56942.13672
11/19/2021,160.550003,468.890015,343.109985,4298.306641,58119.57813
11/22/2021,161.020004,467.570007,339.829987,4088.457764,56289.28906
11/23/2021,161.410004,468.190002,337.679993,4340.763672,57569.07422
11/24/2021,161.940002,469.440002,337.910004,4239.981445,56280.42578
11/26/2021,156.809998,458.970001,329.679993,4030.908936,53569.76563
11/29/2021,160.240005,464.600006,336.630005,4445.10498,57806.56641
11/30/2021,165.300003,455.559998,330.589996,4631.479004,57005.42578
12/1/2021,164.770004,450.5,330.079987,4586.990234,57229.82813
12/2/2021,163.759995,457.399994,329.48999,4511.302246,56477.81641
12/3/2021,161.839996,453.420013,323.01001,4220.706055,53598.24609
12/6/2021,165.320007,458.790009,326.190002,4358.737305,50582.625
12/7/2021,171.179993,468.279999,334.920013,4315.061523,50700.08594
12/8/2021,175.080002,469.519989,334.970001,4439.35791,50504.79688
12/9/2021,174.559998,466.350006,333.100006,4119.815918,47672.12109
12/10/2021,179.449997,470.73999,342.540009,3908.496094,47243.30469
12/13/2021,175.740005,466.570007,339.399994,3784.226807,46737.48047
12/14/2021,174.330002,463.359985,328.339996,3745.44043,46612.63281
12/15/2021,179.300003,470.600006,334.649994,4018.388672,48896.72266
12/16/2021,172.259995,466.450012,324.899994,3962.469727,47665.42578
12/17/2021,171.139999,459.869995,323.799988,3879.486572,46202.14453
12/20/2021,169.75,454.980011,319.910004,3933.844482,46880.27734
12/21/2021,172.990005,463.059998,327.290009,4020.26001,48936.61328
12/22/2021,175.639999,467.690002,333.200012,3982.099609,48628.51172
12/23/2021,176.279999,470.600006,334.690002,4108.015625,50784.53906
12/27/2021,180.330002,477.26001,342.450012,4037.547607,50640.41797
12/28/2021,179.289993,476.869995,341.25,3800.893066,47588.85547
12/29/2021,179.380005,477.480011,341.950012,3628.531738,46444.71094
12/30/2021,178.199997,476.16,339.320007,3713.852051,47178.125
12/31/2021,177.57,474.96,336.32,3682.632813,46306.44531
